trip_id,pickup_zone,dropoff_zone,distance_km,traffic_level,actual_min,predicted_min,error_min
ef60e554-66e4-417c-b807-bd1e6caf8f70,Kacyiru,Nyarugenge,14.79,light,28.83,28.27,-0.56
d5fed22c-9e5c-411f-8656-b7931172e4ed,Nyamirambo,Nyarugenge,15.47,heavy,70.81,73.11,2.3
317f41fe-62ab-4e4c-a212-35ba1ae1d616,Nyarugenge,Gikondo,20.33,moderate,62.53,60.83,-1.7
0090af9e-62ad-41e4-b3a4-8d45c86c98ae,Kacyiru,Gikondo,1.81,light,2.36,5.25,2.89
300dc994-2eb9-49bd-8937-99df30a1e6cb,Gisozi,Kicukiro,26.76,heavy,138.96,131.88,-7.08
5845664f-3d68-43a4-8872-a9a11c829182,Nyamirambo,Remera,18.24,moderate,69.8,64.22,-5.58
51d98c1e-6e6b-458b-9e3f-6d8cbc8205c9,Kicukiro,Remera,23.44,moderate,84.63,80.38,-4.25
eae7ef31-e6db-4bb2-8f8b-35869cd5387a,Kicukiro,Gikondo,16.78,heavy,61.22,66.06,4.84
ee152620-81de-4d97-b38f-4d672c38f338,Gikondo,Nyamirambo,5.9,light,10.12,13.13,3.01
f15d1b6f-f8d1-4af7-8b8b-120c9dc7d89a,Kacyiru,Nyarugenge,23.21,light,48.06,44.5,-3.56
ba870975-6a0b-47d5-8d88-e7b2285467cb,Nyamirambo,Gisozi,6.63,moderate,18.61,18.84,0.23
e1602846-1d84-4891-8bf5-1ea4b77c9857,Gikondo,Kimironko,17.68,light,51.72,50.92,-0.8
56c99f79-704e-4015-a250-da75cedc189b,Gikondo,Kimironko,14.62,moderate,53.69,55.03,1.34
c3f5c432-ebc6-4607-aab4-75b4e667bea4,Gisozi,Remera,6.26,moderate,20.13,19.17,-0.96
b261428a-8860-4392-bd80-2269b90568ce,Gikondo,Kacyiru,6.12,heavy,27.74,25.58,-2.16
f1fcc564-b934-484d-8706-f20d666429c4,Remera,Nyamirambo,9.18,moderate,21.52,22.59,1.07
c3d4e495-a649-4c98-a6df-68be71471b1e,Remera,Nyamirambo,25.05,moderate,75.87,74.14,-1.73
0ce3105a-71ab-4b8b-a671-ade6f45d7349,Remera,Nyarugenge,22.58,moderate,55.5,55.84,0.34
ca08bec4-6184-4121-abc7-49455cba9bdc,Nyarugenge,Nyamirambo,21.27,moderate,53.32,54.1,0.78
dfbeabcc-7ca4-4e7e-aa60-110355442f4e,Nyarugenge,Gikondo,4.2,moderate,15.62,15.3,-0.32
7bb4c9e9-2905-4579-93d9-3262c5d713c3,Remera,Gisozi,20.77,heavy,80.55,75.58,-4.97
900b2ef9-729f-4374-b92b-da1051ac7f99,Kacyiru,Gikondo,15.82,heavy,62.38,62.51,0.13
92612282-0144-4b0c-b289-160803437de6,Kimironko,Remera,11.85,light,29.04,29.74,0.7
3322ccbc-9558-47c2-9619-852158ed5cc6,Nyamirambo,Kimironko,14.16,light,28.17,27.11,-1.06
53b62125-58ff-4cbb-b1c1-d1258bcf4a15,Gikondo,Nyamirambo,24.17,moderate,59.14,61.08,1.94
595365ac-8295-4781-b936-d42b41481cbe,Gisozi,Kacyiru,11.66,heavy,43.23,44.23,1.0
c1155cb7-aeac-437c-b1e1-81a87e8a014e,Kicukiro,Gikondo,8.5,heavy,29.52,30.59,1.07
994150ac-74e8-400b-a510-54d027807a0f,Kacyiru,Remera,24.51,gridlock,150.64,159.15,8.51
a3bc7154-b864-4e85-b271-5da27471b2bf,Remera,Gisozi,7.27,light,16.71,15.0,-1.71
a296a219-3c56-4b6f-8dbc-beafff75b933,Nyarugenge,Kimironko,10.64,moderate,28.04,26.67,-1.37
ab42e954-1447-44ea-94d4-3eb8b946fd09,Kicukiro,Nyamirambo,3.93,light,12.11,5.38,-6.73
9898f278-351c-4edb-9681-6c3a4acb6262,Gisozi,Remera,21.77,light,44.18,42.78,-1.4
a76baf03-cc8b-48df-b419-800d3794a85a,Gikondo,Kimironko,1.38,light,2.56,1.63,-0.93
57830176-f011-4190-adf4-578cefb7e8b3,Nyamirambo,Kimironko,24.46,light,52.87,50.44,-2.43
35e64a2f-03df-4425-bdc0-96c55585a376,Kacyiru,Nyamirambo,13.48,moderate,39.93,39.54,-0.39
80be3935-a3fa-4321-883c-fab7a7b36946,Kimironko,Remera,5.53,moderate,12.18,16.1,3.92
d35b4534-89c0-4557-b881-990a3cd52635,Kicukiro,Gikondo,14.82,moderate,47.69,46.14,-1.55
30e9c602-d659-4f05-8b2a-9892f0429835,Gisozi,Kicukiro,18.59,moderate,67.07,63.9,-3.17
d7e9cb71-7100-4a20-9879-cd296e49d28c,Gikondo,Nyamirambo,7.87,moderate,22.21,25.66,3.45
18627bd2-bfe5-4708-aef2-0c716f58a728,Nyamirambo,Gikondo,15.0,moderate,36.27,39.39,3.12
bcf1d730-ed88-4610-888d-2ca4125b0b78,Nyamirambo,Gikondo,21.64,gridlock,97.07,108.39,11.32
f02d794b-4f7f-4454-80d1-5cdeab5baa52,Kicukiro,Remera,22.29,moderate,65.56,65.18,-0.38
a02db3b2-c1a1-4c6f-802c-b00407622eb2,Nyarugenge,Gikondo,23.03,moderate,58.84,59.53,0.69
2c94d6c2-3d00-49f6-ade7-4465af09fc77,Nyarugenge,Remera,5.8,moderate,16.74,18.63,1.89
8aaea734-4889-4d02-9315-4dd6496ea3dc,Nyamirambo,Kicukiro,11.09,moderate,28.53,27.86,-0.67
8d0fa7bc-54a3-4b9c-952a-f7e574ce2210,Kimironko,Remera,19.22,moderate,46.74,46.66,-0.08
42d12eaa-8d8c-436d-b7cf-7aa95c2dfdc6,Nyamirambo,Kicukiro,18.35,moderate,47.71,43.45,-4.26
c7650ab1-22bb-4963-905e-f256cbf4786a,Kicukiro,Kimironko,26.47,heavy,115.84,117.53,1.69
7ec84766-4c8e-45a2-a27f-e7150e7b3723,Kicukiro,Gikondo,14.11,light,30.43,28.51,-1.92
e18ff5af-4774-4fcc-bd32-5908d20a4f3d,Nyamirambo,Gikondo,27.88,moderate,73.62,69.84,-3.78
3cb126b9-ca29-4468-a26f-e0726f601c2b,Gisozi,Nyarugenge,16.68,light,47.12,47.36,0.24
cf91c204-fa0b-48f8-9de6-ca148364fd59,Kimironko,Gisozi,1.08,moderate,5.69,2.22,-3.47
1b381513-e00e-41f3-bae2-918130078d30,Gisozi,Remera,21.36,heavy,69.68,74.49,4.81
d47f0af5-4b7b-4c9e-8e1c-2424b7070f6f,Gikondo,Kacyiru,10.73,gridlock,47.88,40.48,-7.4
81f8b9c3-f54e-4eeb-910d-c8c37d6fd76f,Remera,Nyarugenge,23.21,light,47.65,45.73,-1.92
367e3e7a-5565-48fb-8c1f-c83f6ef4b3fd,Nyamirambo,Gikondo,24.38,heavy,111.27,101.95,-9.32
ed26b94e-5fae-4a15-962c-11aa0103a523,Nyarugenge,Gisozi,27.65,moderate,82.79,82.11,-0.68
1a509f38-39e2-4009-9994-71c632283ce5,Kicukiro,Remera,8.09,moderate,20.24,20.01,-0.23
ebf24d0b-4b16-49e0-96e5-a2b83a2b56b0,Kacyiru,Kicukiro,11.15,light,28.49,25.92,-2.57
2672bae1-9397-47e2-a44a-4001b708cad6,Kicukiro,Kimironko,7.63,heavy,23.93,27.65,3.72
53ca8349-9a94-4320-83d7-fc26772cec46,Kicukiro,Gikondo,26.45,light,60.44,60.63,0.19
bc4b8cdb-e071-42fe-97e8-538293c7ecfe,Gikondo,Nyamirambo,15.17,moderate,41.21,39.53,-1.68
81eb630c-f265-4c7d-a5b5-3d0f1f979ed8,Gikondo,Nyamirambo,10.46,moderate,26.77,26.06,-0.71
84a14135-17f5-4dc3-9c6d-a1cf097c7da8,Gikondo,Kacyiru,4.79,heavy,14.5,14.83,0.33
6d1b86ca-5f00-4199-9226-ac3a5044140d,Nyamirambo,Nyarugenge,18.09,gridlock,97.53,98.49,0.96
c1251e1f-e92d-4688-baf0-eb1d2a6b5f5d,Kacyiru,Kicukiro,6.15,moderate,22.09,21.73,-0.36
bc0e10c6-5638-40be-901e-6377def41d7a,Nyamirambo,Gisozi,9.45,moderate,27.43,28.75,1.32
ea801782-003b-40cb-80a1-5f53dbd95caa,Kicukiro,Gisozi,10.62,heavy,34.6,36.11,1.51
1347f3a1-ac86-458c-80be-b3056383418c,Gikondo,Gisozi,7.9,heavy,29.92,33.13,3.21
c4c51527-8943-43e8-89f5-8e75191e364c,Remera,Kacyiru,8.4,moderate,21.63,20.01,-1.62
753571f2-422f-4c77-99fe-affdd52ed9f0,Kimironko,Kicukiro,20.95,heavy,83.68,76.74,-6.94
31ef72ad-e916-46bc-ad04-f9ea657fb00d,Kacyiru,Kicukiro,14.65,heavy,54.27,59.49,5.22
1dfde9d3-d031-469c-9209-2f516db01a6b,Nyamirambo,Kacyiru,6.06,gridlock,38.85,35.87,-2.98
34423ae9-f784-4b02-940c-21215706f909,Gisozi,Kimironko,7.8,light,20.91,20.41,-0.5
a41125a2-59ae-4d2b-b8b1-ab284d22bf7d,Nyamirambo,Remera,13.99,gridlock,62.37,62.94,0.57
b690b5ae-01ba-476c-8a98-df557855cea9,Kimironko,Kacyiru,27.64,light,74.43,78.19,3.76
295b89f6-f2a3-443a-8e41-6942bb982ee0,Kacyiru,Nyamirambo,24.37,heavy,90.58,92.5,1.92
9d7148fb-3f2f-4e05-be8a-ab03aa401522,Kicukiro,Nyarugenge,6.26,moderate,14.41,16.07,1.66
c882526f-1ce4-4908-a74b-5c3d09938691,Gikondo,Remera,22.44,moderate,67.6,67.45,-0.15
8903626c-59b4-4eec-a9ec-948d0ba4b76e,Kimironko,Nyamirambo,23.56,gridlock,123.6,116.16,-7.44
41e0d7fd-c5e5-43d0-b838-09c5020fcce1,Gikondo,Kicukiro,7.03,light,20.25,18.41,-1.84
8dad1c08-9f1a-416a-bf02-bca647851ead,Gisozi,Kimironko,2.42,heavy,9.23,8.43,-0.8
ded4cad7-5bcc-4094-b1c9-323102d8282e,Nyarugenge,Kimironko,8.52,heavy,33.17,36.67,3.5
1ce46e23-4512-4fe5-807e-c3653544e459,Kacyiru,Gikondo,17.17,light,41.65,41.61,-0.04
afb3ef27-85b2-4a3e-b419-d5a6bc3fe8f8,Kimironko,Kacyiru,12.7,moderate,33.55,33.58,0.03
03dc4393-1eb8-48a6-8bac-98ac95a5ba3a,Kacyiru,Gisozi,4.28,gridlock,19.28,24.64,5.36
6da598ed-b5f5-4d80-8b47-58b2a83c455b,Nyamirambo,Kimironko,15.36,moderate,42.96,47.85,4.89
b557121a-8ecc-4e7a-84c1-2d30898a27be,Gisozi,Remera,15.92,moderate,42.0,38.96,-3.04
0ee75f5b-334b-4f38-b68f-1c26ed5ea4c6,Kacyiru,Nyamirambo,15.09,light,35.39,36.44,1.05
05594204-8b69-421d-b496-0c197b6433a9,Kacyiru,Nyarugenge,3.38,moderate,11.35,8.48,-2.87
b290c1f9-c64c-4ead-9e84-c92827960497,Kimironko,Remera,18.76,light,46.22,47.27,1.05
07e29b7f-ca6c-4737-a37a-fbe898c2a26b,Remera,Nyarugenge,19.71,light,42.34,39.27,-3.07
bdeee189-2558-46b1-aa6a-2805e861a637,Remera,Kimironko,24.49,light,58.08,61.05,2.97
79af9bc0-6b18-4f28-aed7-dd3abed89259,Kacyiru,Nyarugenge,24.6,moderate,100.6,98.46,-2.14
bb40b819-5d1d-4595-be1e-f571c57da073,Gisozi,Nyamirambo,27.09,moderate,96.4,94.11,-2.29
15377d66-d233-4235-b413-64fad834965f,Nyamirambo,Gikondo,19.37,heavy,71.38,74.57,3.19
d4d5a399-0224-4e03-a7ae-039138d10253,Remera,Nyamirambo,21.13,moderate,64.69,64.92,0.23
1e68df2b-b2a9-498c-90a1-25ffb9efd89d,Kimironko,Nyamirambo,15.59,moderate,53.52,56.13,2.61
809ac6f8-453e-4bb3-a262-86d6c689b76e,Nyamirambo,Kicukiro,18.86,gridlock,100.68,101.09,0.41
05d5cd93-2840-417c-bd06-41ac7bbc72d0,Nyamirambo,Kicukiro,4.48,moderate,11.03,12.98,1.95
b393149a-c14e-42b0-8c5c-236ad440b125,Nyamirambo,Nyarugenge,15.55,moderate,46.3,47.85,1.55
bc99aa64-9266-40fe-8c52-5cb10d2a369a,Gikondo,Kacyiru,27.85,moderate,79.62,82.33,2.71
4b02bb24-27f0-4f9a-a9ac-ab6ea0691b54,Gisozi,Remera,27.59,light,76.86,78.19,1.33
b0b7e4bd-08df-44aa-87b4-df2d9310c522,Gisozi,Nyamirambo,4.54,moderate,16.34,17.59,1.25
0c355749-8d10-4f2c-ad5f-2384ecebbe8d,Nyarugenge,Gikondo,21.06,moderate,51.09,54.1,3.01
7d4f6c08-7ec1-4289-9e84-be5885c39f70,Kicukiro,Nyarugenge,9.63,moderate,27.96,28.75,0.79
f7b9f1af-8283-4dca-bd66-8b8665c587a4,Kacyiru,Nyamirambo,20.25,moderate,61.37,60.83,-0.54
dadc95ab-c601-498f-a479-f9c13735e1fe,Gisozi,Remera,22.58,heavy,69.37,75.19,5.82
7995ea66-2fc5-4ff9-b10f-0bdfa395e341,Kicukiro,Kacyiru,16.04,moderate,41.22,40.92,-0.3
8751ed9c-0a05-466d-ad9b-ed86c528b75b,Gisozi,Nyarugenge,16.09,moderate,49.83,49.95,0.12
6497880c-5602-42bd-974f-8421e8c7bb2f,Nyamirambo,Gisozi,24.76,light,68.04,71.82,3.78
e6386a61-0a2e-4932-85e8-68716b6c58bf,Nyamirambo,Kacyiru,1.03,light,2.0,2.69,0.69
0d11220b-2ea9-480e-8e60-b7c668796d01,Kicukiro,Kacyiru,26.91,moderate,93.65,91.79,-1.86
84e7cb5e-be5d-4f14-812d-4b3df2b31515,Remera,Nyamirambo,23.87,light,45.4,47.91,2.51
d4c93249-790f-4b5d-b561-34ffab96f914,Remera,Kicukiro,20.44,moderate,56.97,60.49,3.52
7b7db525-5b34-4739-a31c-fe0b09dfb63d,Kacyiru,Nyarugenge,3.63,heavy,13.79,10.82,-2.97
b7d8299f-a82e-4ec0-96ff-4a1c0a69fc28,Nyamirambo,Kacyiru,26.29,light,61.09,62.03,0.94
382719ca-4374-4799-b6cb-ae45351f751a,Nyarugenge,Gisozi,9.77,light,23.86,23.68,-0.18
f5e527ce-25c6-432c-ac4a-03618d6d8e27,Nyarugenge,Nyamirambo,11.32,moderate,25.8,27.86,2.06
0345d7d6-b8d9-455c-b360-77b51396ffcf,Remera,Gikondo,1.86,moderate,8.03,5.06,-2.97
dbc5820c-941e-4b99-a79d-a751df5518e9,Kimironko,Gisozi,11.23,heavy,41.89,42.07,0.18
145ebbb6-217e-43d8-9d29-802ec21404f4,Gikondo,Gisozi,23.66,moderate,85.96,80.87,-5.09
560367dc-f967-4392-9f3e-807c9964dd66,Kicukiro,Remera,9.98,light,23.52,18.56,-4.96
eee47af9-cf6f-47b4-bdf6-fd1495b226f8,Kacyiru,Kicukiro,22.99,light,54.77,55.87,1.1
ecb7e2d8-7f50-4ec9-a6ac-1340f1cfbc99,Nyarugenge,Kimironko,18.61,moderate,45.36,47.91,2.55
68c0de74-1c66-4132-9f88-e0e43c3cd88e,Remera,Nyarugenge,9.95,heavy,32.8,34.18,1.38
9cccde50-0983-44c6-8f79-b35bc81ab09f,Gikondo,Nyarugenge,8.03,moderate,23.76,24.63,0.87
f15dd81c-c11a-4543-9e14-0f55627cdedf,Kicukiro,Gisozi,21.07,moderate,76.33,73.81,-2.52
e123036c-a93e-4618-b9d4-8411288dccbc,Kimironko,Kicukiro,14.97,light,33.02,28.2,-4.82
471aa943-9365-47cf-8bea-ef76658c65e8,Kicukiro,Gisozi,3.27,light,9.13,11.87,2.74
906c2f57-2237-4e05-86b3-46a736f767c6,Gikondo,Nyamirambo,21.19,light,52.91,51.29,-1.62
da9964f4-9e2e-4434-ac84-a0ffd4d1961f,Gisozi,Nyarugenge,17.07,moderate,50.54,50.42,-0.12
f35bf2e8-ab5e-4d6e-bcf8-b6d3eafb6734,Nyarugenge,Gikondo,24.29,heavy,80.21,80.44,0.23
b58eeab9-70d2-4594-aff2-7e5bc9d0031f,Nyamirambo,Remera,17.44,moderate,52.45,51.63,-0.82
b5aa12ff-5a2f-4e28-ab18-0b745de7c79a,Gikondo,Nyarugenge,16.08,light,32.83,33.11,0.28
d00f4fbb-e910-4726-836c-79595f8df5f4,Nyarugenge,Gisozi,3.49,moderate,9.52,10.45,0.93
f291aea6-cddb-459e-8914-cc6cf4fee160,Kacyiru,Nyamirambo,13.57,light,29.21,27.11,-2.1
ba2c7187-89f5-4a70-b7f2-f8ece5dbc76b,Remera,Nyarugenge,3.12,moderate,8.56,6.82,-1.74
53341b36-13a0-48db-b109-e6453a6854b6,Gisozi,Nyarugenge,20.81,moderate,53.0,52.34,-0.66
dd5c9706-db51-45f6-8cd6-b901f456e8da,Remera,Nyamirambo,4.7,moderate,10.52,17.59,7.07
78fdbca8-248a-46a4-93ad-af1e107ce05d,Kicukiro,Gisozi,4.79,heavy,18.46,19.43,0.97
b2fe6f92-c3a4-401c-bb91-1ad90463bf77,Nyamirambo,Kimironko,26.14,gridlock,116.63,114.38,-2.25
e76edb7f-ac16-4539-a013-85dd01240b85,Kimironko,Kacyiru,11.96,light,31.31,28.97,-2.34
492303c7-9d5c-4386-a44d-5b9c49290aed,Gisozi,Remera,4.24,heavy,12.94,14.8,1.86
64729d43-40b7-4e40-a68e-6b26eeb36dae,Nyamirambo,Kicukiro,4.96,heavy,21.29,14.83,-6.46
0e59b7a0-660e-4c23-9781-233e88ecb5bc,Kimironko,Gisozi,10.57,light,22.25,20.69,-1.56
86c9df65-bc06-4fba-aa59-580a6a82405c,Gisozi,Kicukiro,21.04,moderate,55.33,50.86,-4.47
bdd47462-dfed-4038-a6c5-1f479864c694,Gisozi,Gikondo,17.32,moderate,61.2,60.07,-1.13
6d1ed2ad-e221-4c99-947c-a0c817b8be63,Nyamirambo,Gisozi,16.57,gridlock,85.84,79.42,-6.42
1181cb2f-8c3f-48ef-af5c-77626d7be512,Remera,Kacyiru,10.53,moderate,31.36,29.85,-1.51
12e7289b-834c-48d5-9c77-59f076f7136f,Kacyiru,Nyamirambo,5.44,moderate,18.41,12.98,-5.43
ab6a8b76-138d-4f8c-9df9-c23b80c2f638,Remera,Gisozi,24.12,heavy,89.15,92.49,3.34
7f44a1c2-ac5b-4687-8920-92d36e4bae7a,Kicukiro,Remera,15.05,heavy,46.48,53.22,6.74
27a56764-f0d4-4be6-a22e-80e9426d040a,Kacyiru,Gisozi,11.46,light,27.95,27.16,-0.79
a04a90ac-f1e7-4686-92b7-42f6b1f398d2,Nyamirambo,Gisozi,7.87,light,17.96,20.25,2.29
bbf7325e-4dbb-49d7-bb5a-1012b8d92a19,Nyamirambo,Kacyiru,3.46,light,8.67,8.71,0.04
635af9f9-47b0-431d-86d8-107a69ca25b7,Kacyiru,Nyarugenge,17.53,light,49.98,49.85,-0.13
ff221736-65af-4073-b668-162dd8542744,Gisozi,Kacyiru,11.19,moderate,36.12,36.99,0.87
f381a79b-ac9e-4e25-8158-cbdfbbcc8e27,Nyamirambo,Gikondo,10.54,moderate,26.47,26.67,0.2
0d2be545-1297-47d8-bb90-f27c90c22234,Gikondo,Kacyiru,11.57,light,29.25,27.16,-2.09
fc2f4afa-5806-4f79-9a29-02fc86ca83c1,Nyarugenge,Gikondo,27.92,heavy,119.12,120.26,1.14
12e8f72c-681b-418c-9a9b-5e64d8f15aab,Kimironko,Nyamirambo,25.27,moderate,76.54,73.12,-3.42
81e1cca4-9b23-4876-b289-4d953770517b,Nyarugenge,Kacyiru,19.22,moderate,50.08,48.34,-1.74
e6f12290-03ce-4d0c-a086-622c982e84a1,Remera,Gikondo,8.16,heavy,32.29,32.61,0.32
4edfb288-690b-4ee7-af85-0a3059179fa3,Kacyiru,Nyamirambo,23.42,moderate,71.36,69.85,-1.51
7dbb6308-b848-4b3e-b878-9cff5bc197e1,Kimironko,Nyamirambo,19.75,light,38.48,41.1,2.62
a8bcd89a-9584-40df-8e9f-0ff976788ea1,Nyamirambo,Gisozi,23.23,moderate,71.27,70.2,-1.07
d018447c-3c5f-4c2c-b303-37af4fd75050,Nyarugenge,Kimironko,8.33,moderate,24.9,24.63,-0.27
def58c3e-1cac-40c6-9de8-38a46a274afe,Gisozi,Remera,26.99,heavy,104.64,102.76,-1.88
8384c3cd-aa8c-4e71-84e8-64595dc2995d,Remera,Gikondo,14.08,light,26.59,30.06,3.47
75098d21-b269-4e71-9a85-9483e671c780,Kimironko,Nyarugenge,1.16,moderate,5.42,4.88,-0.54
1e3915ac-8fd1-4cbc-b06f-7e0ea9356753,Gisozi,Gikondo,26.87,moderate,106.11,106.31,0.2
2cb719ce-c85e-459e-ad04-fdd4dce7463b,Nyamirambo,Kimironko,2.35,moderate,7.81,2.26,-5.55
1a5d2cf3-aa17-4851-8782-ccd55eb8ecc0,Kimironko,Gikondo,6.9,moderate,21.65,19.54,-2.11
ae60be6b-eb1b-4c23-b195-6c27b404cfc7,Kacyiru,Gikondo,15.9,light,30.47,29.96,-0.51
c35bf807-2bb5-4b2a-9e69-66defb7711ed,Kicukiro,Nyamirambo,9.98,light,20.16,19.93,-0.23
13252137-89a2-469d-aa21-a427d9d9401a,Kimironko,Nyamirambo,24.72,light,67.93,71.82,3.89
a8fda7c3-b848-4abf-991a-c2a8755089d6,Nyamirambo,Gisozi,23.1,heavy,90.7,91.03,0.33
d8508223-c252-495f-9de1-581aca36c1ef,Kicukiro,Gisozi,22.38,moderate,56.36,55.84,-0.52
62924b5a-79b2-477a-8386-cb5f26bf2787,Nyarugenge,Nyamirambo,23.39,gridlock,121.35,135.91,14.56
dba2e503-ac63-40a9-9cd6-8c4db09e5dd9,Gisozi,Kicukiro,2.35,gridlock,15.11,8.33,-6.78
4e356312-e1d7-4d6e-b50b-25b1453b1045,Kacyiru,Gikondo,24.69,moderate,82.04,86.27,4.23
2221cfc8-5a36-4248-9a97-581d062701a8,Nyamirambo,Nyarugenge,11.0,moderate,34.64,34.9,0.26
775c81bd-8e42-465e-9df5-3667337ab9ad,Gisozi,Kicukiro,18.39,moderate,45.01,43.45,-1.56
938b9b0c-9360-4ed1-9998-447a253278ae,Kicukiro,Remera,24.21,heavy,74.01,80.35,6.34
78381c95-f047-4a6d-8eb4-8fa51b09821a,Gisozi,Nyamirambo,11.2,light,25.91,25.92,0.01
fe0abe05-1c01-4aa6-b9a2-857f23cc6b0e,Kicukiro,Nyarugenge,17.64,moderate,69.19,70.36,1.17
a00838ce-8f3f-47db-9c4b-b42b984ee3b4,Nyarugenge,Kicukiro,12.6,heavy,38.59,40.17,1.58
170bea71-abdb-422d-be2a-96310f81511f,Nyarugenge,Kimironko,11.06,moderate,33.39,33.79,0.4
72f2796b-b1af-4718-9f0b-301ea34e1a85,Kicukiro,Gisozi,4.06,heavy,14.48,18.21,3.73
20940598-8724-4f9a-9ae7-d157a7519619,Gisozi,Remera,10.4,light,26.33,22.97,-3.36
21e7b166-9ea1-4215-a97f-af194e988866,Gisozi,Kicukiro,9.88,moderate,25.5,24.04,-1.46
d72a01ec-60b6-4924-aa9d-d6cf5fc20eca,Nyamirambo,Kacyiru,19.68,moderate,57.95,57.15,-0.8
ad1349b0-2d1a-4ccb-9891-73893bb8473d,Kacyiru,Kimironko,19.52,heavy,86.48,83.14,-3.34
9a0636d8-dd9b-48c2-aa04-c8b2f5886d46,Nyarugenge,Gisozi,20.14,moderate,52.88,48.69,-4.19
e4479895-1ede-48a6-ab08-5f5048e54452,Kicukiro,Gisozi,2.06,moderate,10.66,9.66,-1.0
6a0baf13-dec4-4d0a-bebd-6a864c51bc31,Nyamirambo,Kimironko,5.55,light,12.6,13.24,0.64
dd6ed80f-e0f9-4b12-b152-b0ecf01dcdcf,Gikondo,Nyamirambo,27.09,light,51.05,52.47,1.42
6be01073-ec92-4afb-945e-9048918c57c8,Gisozi,Nyarugenge,12.2,heavy,44.48,46.06,1.58
c7bf5cad-a651-4420-ae2f-007f9d7a60d5,Remera,Kacyiru,1.39,heavy,5.15,8.73,3.58
3bdc666a-f1cf-46ee-92ab-30f66d8c3e3c,Nyamirambo,Remera,22.63,heavy,69.48,75.19,5.71
e6523a33-d19c-40c2-9782-a5b05e0df78e,Remera,Nyarugenge,10.54,moderate,41.18,43.27,2.09
ba51a8d2-c9e4-438a-a5ce-ce7a34645848,Remera,Kimironko,4.96,gridlock,21.05,25.42,4.37
16ab72bc-210e-4486-986e-1d4ebdf67884,Gikondo,Kacyiru,11.64,moderate,26.75,27.93,1.18
8b1e1730-39fc-403e-a311-0f9cb4da882b,Kimironko,Nyarugenge,21.46,heavy,67.74,72.67,4.93
003c7dc6-fff0-4760-85c9-c3df10da7d66,Kicukiro,Remera,8.9,moderate,24.48,27.33,2.85
01369a78-12a5-447d-bc8d-ad085a01a84f,Kimironko,Nyarugenge,20.15,heavy,86.46,84.77,-1.69
59b1bd11-6b5b-409b-9e37-189fbc15e0d0,Gisozi,Nyarugenge,1.9,light,5.53,5.25,-0.28
5d137023-7f58-470d-a7f6-6949ccac5c6b,Remera,Kimironko,16.77,light,36.38,35.51,-0.87
40157f94-1d22-46ab-b683-14e574466624,Nyamirambo,Nyarugenge,14.51,heavy,57.27,59.49,2.22
51296b7a-da27-4c92-94b7-c0bf009abe69,Kicukiro,Gisozi,17.56,gridlock,88.83,97.41,8.58
0f43847f-d876-40c1-a06f-7ed6f30bd71b,Kimironko,Gikondo,14.23,light,37.71,41.28,3.57
ec1b6476-0e06-4f46-b2da-f523f14a187b,Remera,Gikondo,26.64,moderate,95.65,91.79,-3.86
524e9da1-dfb6-4530-92d3-0103d958ca39,Kacyiru,Nyamirambo,16.24,light,32.79,33.11,0.32
441922ba-030c-4b61-927c-da99d76661d3,Kimironko,Gisozi,19.85,moderate,83.35,77.45,-5.9
30131452-c5f3-440e-b1b0-6e006493e13f,Kicukiro,Gikondo,9.65,gridlock,45.16,40.73,-4.43
1f2a0ff6-56ab-4dcb-829b-611ba0002260,Remera,Nyamirambo,9.71,light,24.61,23.23,-1.38
dc44813e-0d19-4747-8d33-3a2b3b6e2908,Kicukiro,Nyamirambo,7.86,moderate,17.37,20.01,2.64
f7dae621-0302-480b-87fe-902530e96e9f,Nyamirambo,Nyarugenge,17.27,moderate,50.47,51.63,1.16
ab3701ad-7cad-42f9-968d-ba86a75afc69,Kicukiro,Remera,8.81,heavy,25.74,30.59,4.85
0140cbfc-e67c-4887-9d9a-23d69c0d823e,Kacyiru,Gisozi,4.52,moderate,17.38,17.59,0.21
0ed23684-16e3-4572-8dc8-efae6a051481,Gikondo,Kicukiro,24.08,light,57.82,58.47,0.65
2631b116-c8c7-48f3-9596-3d4779518c3e,Remera,Gikondo,17.22,light,41.41,40.74,-0.67
3becc148-57f5-418d-9275-68f3dcfbfeb1,Nyamirambo,Gisozi,5.45,light,11.76,11.99,0.23
0d37e27e-828f-42bb-aa1a-d076ea5bf7ab,Kacyiru,Gikondo,3.01,moderate,9.93,7.65,-2.28
5e5253a6-1262-48a1-b7cb-1b182ce82b46,Remera,Gikondo,12.97,gridlock,57.12,61.31,4.19
6768d8c7-169e-4f4e-a040-e09d0e1e2fe4,Kacyiru,Nyarugenge,1.07,light,7.41,3.4,-4.01
f5e353aa-fe6c-4de9-98f6-700a19a6f1cd,Kacyiru,Gisozi,3.52,light,3.03,6.7,3.67
4baef980-4cfe-4d3f-ae93-d809f7865bb8,Remera,Kicukiro,16.34,heavy,53.06,53.4,0.34
5b00b4c0-1fe9-4c9c-bb16-d3316b4b6871,Kicukiro,Kimironko,15.35,light,37.12,36.44,-0.68
2d33d656-9f07-4bcd-b702-f9e89f9ca1d5,Kicukiro,Gikondo,17.12,light,44.72,46.35,1.63
d455fe2a-8409-472b-bdaa-e38d7403d10c,Nyamirambo,Nyarugenge,23.93,heavy,92.82,92.49,-0.33
1766d68b-94da-491a-a1e1-3125a2109657,Gikondo,Kimironko,20.26,gridlock,89.24,99.43,10.19
c4ef3012-2d19-4895-b2f5-a80804ca81ff,Kacyiru,Nyamirambo,19.84,light,37.12,41.1,3.98
2a11fb5e-ed14-477d-b29f-46704cc160f2,Gisozi,Kicukiro,26.57,moderate,64.62,66.9,2.28
70ed3b91-f380-41e3-8f94-7a87f27ce19d,Gisozi,Gikondo,10.97,gridlock,78.4,84.72,6.32
a801a911-be1f-4feb-a810-bfdaf0f09aa8,Kacyiru,Kicukiro,15.12,moderate,45.73,47.25,1.52
75ed7e66-34f1-4eeb-989a-ed6cda6ae889,Kacyiru,Nyamirambo,16.04,moderate,48.83,49.95,1.12
938a41e1-d5dc-45e4-8298-3f23dd734ca9,Gikondo,Gisozi,11.65,light,27.49,25.17,-2.32
700ddf09-cf47-40f0-a7d6-dedc8dbde8a2,Nyarugenge,Gisozi,6.75,moderate,19.79,22.56,2.77
7fea45ab-734a-413c-bffd-3d6e66a05e18,Nyarugenge,Gisozi,19.06,moderate,55.22,56.63,1.41
5b854748-d971-489c-80cd-cc409f3ecea6,Nyarugenge,Nyamirambo,23.77,moderate,60.3,61.08,0.78
5045d477-fcdd-4445-816e-76e2579cd619,Kimironko,Kicukiro,25.38,heavy,96.0,99.25,3.25
24eb3126-8a98-465f-8495-6a4590a5e4dc,Gisozi,Kimironko,14.83,heavy,57.6,61.14,3.54
6990ea3e-a112-43dc-be78-4a880d2b3c6e,Gikondo,Gisozi,12.97,light,21.17,26.33,5.16
72f8eba3-58d2-4d86-9f7f-58b8d3b2bd79,Kacyiru,Gisozi,2.48,moderate,10.7,11.13,0.43
ae39d6dc-b724-47ab-8ee7-802af8cbd3da,Gisozi,Gikondo,9.03,light,20.89,21.87,0.98
de06a3d6-e574-4b36-85b4-fe829a34931e,Nyarugenge,Kicukiro,12.54,light,27.72,23.97,-3.75
daba8abf-34c9-41e5-93a1-f0a113ac7570,Kacyiru,Kimironko,12.49,moderate,32.57,29.12,-3.45
8b4b89ab-2f70-4437-9429-3ca17582d18f,Kicukiro,Nyarugenge,1.65,light,2.64,5.89,3.25
6c187524-33c4-4640-ace8-be80bf166ce2,Gikondo,Kicukiro,12.92,moderate,33.36,32.06,-1.3
8e1961bd-f0c2-4767-8e07-54241996949f,Gisozi,Kicukiro,23.73,light,76.99,74.59,-2.4
c37183a3-7831-4bbd-a835-e39010d41e22,Gisozi,Kacyiru,13.26,moderate,32.95,30.99,-1.96
cd4ef366-ae29-40c7-8af9-e14f98ffe382,Gikondo,Kimironko,11.86,light,24.19,23.97,-0.22
d2c8c6d0-a8f9-469f-871b-e2aef0ce8186,Gisozi,Nyamirambo,18.53,moderate,54.81,52.07,-2.74
4ce06540-19ed-46f6-88cc-9b86269fa793,Gikondo,Gisozi,20.47,heavy,77.18,75.58,-1.6
78c1b147-e1b2-48a4-92b1-29b02cb1f18a,Remera,Nyamirambo,10.55,heavy,43.47,48.47,5.0
639c729d-2113-4bca-a587-47ab2681a3ca,Kicukiro,Nyarugenge,9.11,moderate,28.09,27.33,-0.76
b0476f9f-fc51-4aeb-92b7-0e2e48032cc6,Kimironko,Kicukiro,8.06,light,19.08,21.14,2.06
e7b86960-a27b-45cd-84cb-d9cf89bcc56b,Kicukiro,Remera,14.8,gridlock,61.96,69.72,7.76
1164856d-5e79-4f81-88a2-105fe3e2c491,Kicukiro,Remera,22.96,moderate,79.95,80.38,0.43
b1df924e-d4aa-46f1-8898-66f86ae68935,Nyarugenge,Kacyiru,23.01,light,65.67,67.92,2.25
11748d8d-e6af-4b36-b0cb-d45314a5b3eb,Gikondo,Nyarugenge,6.16,light,14.85,15.64,0.79
dd4ed586-9c75-49d5-b4c0-c1ca0efe774b,Kacyiru,Kimironko,13.44,moderate,46.74,45.49,-1.25
5feedc38-7e0b-47ed-be77-c4e73322c535,Kacyiru,Gisozi,4.62,light,9.72,8.67,-1.05
ae5879f5-26c5-4449-a4df-ac4235cf7972,Kacyiru,Gikondo,9.6,moderate,35.41,34.4,-1.01
824bc785-6f1b-432d-913d-a754334c1260,Nyarugenge,Kicukiro,16.49,light,47.93,46.24,-1.69
87918777-a4f6-435a-9006-7fc58e0e8c98,Gikondo,Kicukiro,15.79,moderate,42.49,39.53,-2.96
2514a19f-3d8b-4324-aa2f-74204600b347,Kicukiro,Nyarugenge,18.77,heavy,57.01,60.74,3.73
cb13751b-e688-4e26-b514-c589e7e53020,Remera,Gikondo,20.43,heavy,79.5,75.58,-3.92
d2566e83-4a6e-445d-aa24-7fbce803ae97,Gisozi,Remera,20.63,moderate,54.41,52.34,-2.07
85b7cefa-6167-47c6-a6d5-43c0f67bfdb3,Kicukiro,Gikondo,19.17,gridlock,120.32,111.72,-8.6
00924021-52a4-4454-8d12-32e6bd468e99,Gisozi,Nyarugenge,1.8,light,6.66,3.73,-2.93
38ae119f-9a24-4807-9861-e544723ea5f7,Nyamirambo,Gikondo,6.76,moderate,25.67,28.42,2.75
747d3915-ac49-4186-915a-363e13178002,Kicukiro,Gisozi,7.02,moderate,21.28,20.51,-0.77
a7301ecb-5939-4307-9311-3b787251afd3,Remera,Nyarugenge,3.56,light,9.84,10.04,0.2
b924a4bb-389f-42f8-873e-b1efc8719305,Kacyiru,Gisozi,19.21,gridlock,114.73,113.96,-0.77
dacb6f3e-7af5-4d3f-ad66-4cba379f06a4,Kacyiru,Kicukiro,22.27,heavy,88.68,86.72,-1.96
9c82e435-f2d1-47d3-9a72-eb1e3b0bd71e,Remera,Kimironko,26.17,light,50.25,52.74,2.49
f324cbd0-4f7b-4b9b-b9f4-10ccd803467f,Kimironko,Kacyiru,15.76,light,36.84,37.81,0.97
8f14a671-9c35-43ce-a38b-a7f231800a79,Gikondo,Kimironko,9.42,moderate,26.32,30.04,3.72
a8dc5ab6-88c1-492d-82bb-d752b9756935,Kicukiro,Gikondo,3.29,moderate,7.12,7.35,0.23
753d7be1-6044-4ab1-8589-2ae9e1697b57,Nyarugenge,Gikondo,25.75,heavy,116.23,111.3,-4.93
060900f4-339b-4df1-bccf-5612e7635298,Remera,Nyarugenge,4.48,light,12.53,10.94,-1.59
8b1b084e-73a3-4d0a-9bfd-596c42b50eb0,Kacyiru,Nyarugenge,15.29,light,29.21,32.54,3.33
95d45b39-45bc-4c76-90f1-3861c83d3619,Kicukiro,Kacyiru,15.67,light,30.45,29.96,-0.49
3425a816-fcc2-407c-9317-4fd1d37114ff,Nyarugenge,Kimironko,3.79,heavy,17.22,13.87,-3.35
e178dae3-c648-431d-9569-68f1e61869f6,Kimironko,Kicukiro,27.34,moderate,85.02,85.65,0.63
25d3ec91-48b5-4156-876e-ec1be0c417d4,Gisozi,Nyamirambo,12.24,moderate,47.72,47.82,0.1
e70a4aa9-5ef0-4782-b18e-eddc990bf316,Gikondo,Nyamirambo,10.88,light,18.46,20.69,2.23
95bb3a9e-bf79-487d-8237-156fa07ef8a3,Gikondo,Kacyiru,25.86,moderate,94.13,87.64,-6.49
e61b75c6-173a-431b-a683-4abfc8bba4c7,Remera,Kimironko,19.33,moderate,47.64,48.69,1.05
7edc060c-5511-4da7-ab94-2910df513086,Nyamirambo,Remera,23.03,light,50.3,46.49,-3.81
a1a504e0-ab42-4409-992e-5a3456b68a69,Remera,Nyarugenge,5.27,moderate,14.31,16.08,1.77
5b02edfb-6760-4dc2-961a-6499709a054a,Remera,Kicukiro,9.82,heavy,35.58,40.61,5.03
2ac35c13-cb8f-4654-8942-3ee0d9cac7d8,Gikondo,Remera,13.66,gridlock,61.48,63.29,1.81
227a1784-9268-4ce9-8180-fdf00b9cc829,Kicukiro,Gikondo,5.15,gridlock,24.13,31.36,7.23
abc16102-38c3-4b37-b670-ea18b3039034,Kicukiro,Kacyiru,15.7,moderate,43.32,46.02,2.7
a8dcaec8-b581-4e86-a6c2-1ff6a40aceda,Nyamirambo,Nyarugenge,1.8,heavy,8.57,9.78,1.21
3fdac351-648b-4716-825e-99484997fc8f,Gikondo,Kicukiro,21.93,light,54.9,53.7,-1.2
2fd57e0d-cd53-4739-a73f-1b9b8fb0b878,Remera,Nyarugenge,17.42,heavy,53.95,56.14,2.19
3e73041f-ab24-46ae-bec0-75dd0e216382,Kacyiru,Kimironko,2.82,gridlock,10.85,9.43,-1.42
1e5c0363-ab1e-4836-b958-16b5912e3e80,Kacyiru,Nyamirambo,13.72,heavy,46.72,39.84,-6.88
25921e91-48ba-4598-89a7-66846c58df2c,Kicukiro,Nyamirambo,6.12,moderate,17.33,14.56,-2.77
1fd06be4-510c-40a5-bfcf-5058b65f44b5,Kicukiro,Remera,21.78,heavy,94.98,100.47,5.49
674d476e-55c0-4a37-aa58-095a779b8da1,Gikondo,Kicukiro,22.18,light,73.11,72.03,-1.08
8b7468a2-5a09-4ef0-aa57-b69fd004aeed,Kicukiro,Gikondo,17.26,light,34.6,33.21,-1.39
51f6e237-8356-47b1-a02a-376d9cab6fa5,Gikondo,Gisozi,27.68,moderate,86.34,85.65,-0.69
743fda3d-8e9d-4ed2-a24b-1c18cc62cd56,Kimironko,Gisozi,4.92,gridlock,21.55,25.44,3.89
20136b7f-9c46-4dfa-8ac1-66e166416537,Nyamirambo,Gikondo,20.46,moderate,60.64,60.83,0.19
e5f7e169-d141-42f1-b0d3-9f2f406155ab,Kicukiro,Kimironko,8.92,light,13.58,18.12,4.54
152e6601-5c8a-42f9-9564-1d72e4f04974,Kacyiru,Gikondo,25.46,moderate,74.0,75.92,1.92
f81db909-0d49-4ea0-b23a-49042167037a,Remera,Kimironko,24.61,moderate,87.56,84.2,-3.36
108596fb-461b-4a62-9734-c053202d59b1,Kacyiru,Remera,23.52,moderate,71.13,69.85,-1.28
2cfd6bd1-a2bc-4aa5-a424-68d65b2e747c,Kimironko,Remera,13.22,moderate,31.9,33.58,1.68
caab5c1d-7560-4cdb-ad9d-23b17b5f0418,Nyarugenge,Kimironko,14.87,light,28.57,28.27,-0.3
ca6b575f-2082-417c-84cb-6f68c5fb1fe6,Nyamirambo,Kimironko,16.2,moderate,41.68,41.66,-0.02
9fbfb3da-9ec5-428f-9718-1edb4f196b7f,Kicukiro,Nyamirambo,16.41,heavy,64.13,65.98,1.85
cb34c842-11e0-45e6-a9cf-c011c7bfac30,Kicukiro,Nyarugenge,8.72,light,17.91,16.49,-1.42
991c44f9-0791-4daf-8f53-b5d3331daf87,Kicukiro,Kimironko,1.72,moderate,2.47,2.26,-0.21
48f42639-8fef-4ca0-90e0-c1fea32a7b0b,Kicukiro,Remera,3.45,gridlock,17.13,13.42,-3.71
e9484d52-6e08-48e3-9ab6-cce0e0b9ab16,Nyamirambo,Kacyiru,22.17,light,45.85,43.78,-2.07
63a667f0-1146-4e92-93de-e08045481716,Nyamirambo,Remera,11.27,light,27.38,29.38,2.0
ad6c03d7-5878-4e88-9036-d873810cf540,Kimironko,Nyamirambo,22.94,gridlock,120.8,116.16,-4.64
e055c1cb-288e-4fee-8837-498723935d13,Nyamirambo,Kicukiro,23.63,light,48.19,49.08,0.89
01a6f700-08a9-45b8-bac6-c36621296990,Kacyiru,Gisozi,27.01,heavy,101.05,102.76,1.71
f80d6a85-0784-421c-96e2-8b3ff1833cf1,Gisozi,Kicukiro,22.79,light,54.92,55.98,1.06
ada529d7-79e7-48f2-b79b-82e0a1c3ceb2,Kimironko,Nyamirambo,15.21,heavy,68.9,73.11,4.21
792f40a3-9afb-4294-a339-64b955f65ed9,Gisozi,Kimironko,11.1,light,24.5,22.17,-2.33
711672c4-62ff-49b7-bb87-453a024cd275,Kacyiru,Gikondo,17.52,moderate,42.97,43.1,0.13
aba6c6de-05db-461e-ab27-ed1469824c94,Nyarugenge,Gisozi,21.85,gridlock,113.71,122.2,8.49
297776dd-ba2e-4024-b521-d7da9cf85555,Remera,Kicukiro,3.53,light,8.16,6.7,-1.46
ad7da184-13e4-4c13-9350-fc2377370d9a,Gisozi,Remera,2.61,moderate,9.36,11.13,1.77
0451970b-b0a5-4e13-9e55-f912013dede0,Gisozi,Kicukiro,24.99,light,70.22,69.92,-0.3
00189f5a-7a39-4cc2-956e-77fe1101e982,Kicukiro,Gisozi,18.56,moderate,56.13,56.63,0.5
bf9eb43c-122c-4d8a-a89b-638ae66520e5,Kacyiru,Nyarugenge,19.47,moderate,56.11,57.15,1.04
63e45cae-40ef-4157-9c18-4e7ab9a6498f,Gisozi,Nyarugenge,24.88,moderate,61.99,61.51,-0.48
b64cf64f-a0cd-45dd-b8db-3b3e1cefb640,Remera,Kimironko,16.01,moderate,50.25,49.95,-0.3
11be68da-93bf-42a5-a97e-01a9dba4d1e8,Kimironko,Kicukiro,14.76,moderate,50.22,50.46,0.24
3f304888-2beb-4357-b797-b2cf249626dd,Kacyiru,Kimironko,23.6,light,58.51,57.95,-0.56
722e9b69-fe76-4d0a-8192-d7792e933afe,Gikondo,Remera,15.27,moderate,36.98,38.96,1.98
0a6344ca-ac6d-4ab2-94d1-42e3e37ed412,Kicukiro,Kacyiru,10.85,moderate,30.15,32.69,2.54
45ef5c4a-8dda-4247-bd51-025e2fb045a0,Nyamirambo,Nyarugenge,8.93,moderate,25.56,27.41,1.85
35d85026-3601-4aea-8ca7-72fdf4fa7b0c,Gisozi,Kicukiro,6.13,moderate,17.53,14.56,-2.97
8b5bf15b-5fe7-433a-82d3-49bfcdc4f357,Gikondo,Gisozi,3.74,light,10.98,9.87,-1.11
b17c9282-0726-4e63-8757-c1124d765dc0,Nyamirambo,Gisozi,12.0,moderate,34.69,29.12,-5.57
4c1901e2-fbfb-4010-85b2-595bb9fc5301,Kicukiro,Nyamirambo,5.35,gridlock,26.64,31.03,4.39
7fd079b9-d287-4274-969d-e93079c77833,Nyamirambo,Gikondo,11.6,moderate,26.8,27.86,1.06
9a91f0d2-2e36-48b8-8535-f5b7422ac046,Nyamirambo,Kicukiro,1.82,light,4.77,2.47,-2.3
0bd577a9-ed2c-4e8e-af1d-93077812a66b,Kacyiru,Kicukiro,15.81,heavy,62.57,62.51,-0.06
dfa13f8e-22d4-46e9-bcf3-d72e718b75c9,Gisozi,Gikondo,17.51,moderate,50.5,51.63,1.13
50c20c9b-9be7-4ab9-b3ce-ddfde9342810,Kacyiru,Nyamirambo,25.74,light,58.86,61.62,2.76
447c3979-dc47-4e4f-b752-22bc8f0b00a4,Nyamirambo,Kicukiro,1.64,heavy,5.54,7.56,2.02
9fe4d95e-121b-4112-b510-afb677b71987,Remera,Nyamirambo,26.34,heavy,87.35,88.97,1.62
6b760969-c7fd-4e3f-8d29-5ed9e7b4b849,Nyarugenge,Remera,23.2,light,52.96,55.87,2.91
544e8686-074d-460c-aeb8-f6d5bba6d68c,Kicukiro,Gisozi,26.68,light,54.44,52.15,-2.29
1be6e2ff-e5d6-4396-9c64-0e664ad33d7a,Remera,Nyarugenge,25.68,heavy,113.52,111.3,-2.22
d1c65ce6-67dd-426c-b2a9-8ae74e97b478,Nyarugenge,Kacyiru,18.94,heavy,62.38,60.21,-2.17
b6e99bee-d12d-410f-8951-8acb3e544ccf,Nyamirambo,Kacyiru,2.14,heavy,7.05,7.75,0.7
3c81c2a9-050d-4e05-914f-94bf1a65e0d2,Kacyiru,Gisozi,14.88,moderate,43.42,46.14,2.72
e8b443a1-5a70-448a-a65e-49b5f6ccce75,Kicukiro,Kacyiru,21.76,moderate,78.22,73.81,-4.41
7da9caeb-409a-4982-a157-448f1762101d,Remera,Nyamirambo,25.99,gridlock,114.26,108.82,-5.44
6d638552-bad0-44fa-99d2-c662eeaad08b,Nyamirambo,Remera,3.85,heavy,15.6,8.8,-6.8
e80dc47b-fc8c-4170-8f29-6084be934166,Kimironko,Gisozi,3.3,moderate,11.31,11.96,0.65
b8fac825-53bc-4bda-b643-7216c95c90e2,Gisozi,Kimironko,13.78,gridlock,64.04,62.94,-1.1
6667d2c8-d30a-4f63-a30f-f1d78480ef6a,Nyamirambo,Gisozi,6.47,moderate,20.18,18.63,-1.55
e1057f75-970e-48b7-b0a0-a17eeb698f45,Remera,Nyarugenge,2.07,moderate,5.98,8.15,2.17
1f42484c-2fff-4a2e-b1cf-749becf01728,Remera,Kimironko,14.46,moderate,50.85,54.45,3.6
eb008af2-e1fc-4c45-9703-f0dd272d5042,Remera,Kimironko,5.91,heavy,17.88,18.35,0.47
5c4a2d5c-b180-4fa0-833b-b0fbaf1e483c,Kimironko,Kicukiro,2.76,light,6.08,9.07,2.99
8ab1de7b-78b3-4d42-8263-625078701f47,Nyarugenge,Remera,2.0,moderate,6.96,6.87,-0.09
40ce911f-15ff-4f1d-a307-53a1744c965a,Nyamirambo,Gisozi,20.12,heavy,78.4,74.57,-3.83
b75c5c54-c08e-41f2-a5c1-8fb534b4912f,Gikondo,Kimironko,16.58,light,40.8,41.52,0.72
c7e0419a-1c3c-4e00-8e02-77da1885b683,Kicukiro,Gikondo,11.3,light,28.64,27.16,-1.48
6d106ff4-5772-463c-aaf4-3bf1fbb7215d,Kimironko,Remera,8.78,moderate,30.37,29.69,-0.68
74a1d47e-3353-406a-b61e-44379e1444fb,Kicukiro,Gikondo,27.99,heavy,89.72,90.4,0.68
33f7e113-e214-48d5-8add-03f06b31bf76,Kicukiro,Kacyiru,10.97,heavy,58.04,57.09,-0.95
eb73d605-a1c4-4524-bca8-9f6e0b749dd9,Remera,Nyamirambo,15.68,moderate,38.84,36.79,-2.05
68c3aa12-d4b5-4eb3-97b5-c55f72dcb308,Gikondo,Kacyiru,26.51,moderate,94.78,94.11,-0.67
0d3feddc-cdd9-4289-84db-0a5597d5c5b1,Gisozi,Kimironko,7.93,moderate,27.14,27.7,0.56
9804ef13-a28f-4e77-9a4b-752f5bf2146e,Kicukiro,Gikondo,8.36,heavy,36.8,36.63,-0.17
64129cd8-1cd3-4b2b-bbf4-89b2fe71dfb8,Gikondo,Remera,4.58,moderate,12.62,11.31,-1.31
538d5cbf-a820-4cf8-a100-1ce84e70401e,Kacyiru,Nyamirambo,11.49,heavy,42.66,42.18,-0.48
219d3550-b33e-4f39-a01e-2e3f20460050,Gikondo,Remera,22.75,moderate,66.31,68.26,1.95
b8ca4479-38fc-41fe-b551-035011c8d721,Remera,Gisozi,21.44,light,70.49,69.77,-0.72
63772483-a9ca-4f78-b1c9-e41f6237198a,Kicukiro,Kimironko,2.43,moderate,5.36,9.62,4.26
af172c31-edd4-4afc-a39c-8272d8b285e5,Remera,Gisozi,6.91,light,18.25,16.0,-2.25
3c2553fb-55e5-47b9-9bed-c7bb5f8e2748,Gisozi,Kimironko,6.67,moderate,26.24,25.12,-1.12
0816862a-9cfe-415d-96ac-f20dbbe9eda0,Gikondo,Kimironko,10.15,moderate,24.57,26.67,2.1
5c66c6e6-0761-45a6-8138-188e6072a6a2,Kimironko,Nyarugenge,5.8,moderate,13.63,14.56,0.93
3db09535-a432-4b4d-ad97-b857073d945e,Gisozi,Gikondo,4.22,light,8.39,10.29,1.9
56a31e64-d7e1-470b-9920-fa83c7569dcc,Gikondo,Nyarugenge,17.81,light,34.68,33.72,-0.96
f83efe28-92b7-44b8-b37d-607dfc2a5a03,Remera,Kacyiru,1.45,gridlock,11.21,9.81,-1.4
2b8c8472-d420-4785-8a91-8f75e9cf297c,Gikondo,Gisozi,2.63,light,6.12,7.21,1.09
b1e779e7-b3a2-47a1-9849-7cf064c5b367,Gisozi,Nyamirambo,13.39,heavy,54.11,46.27,-7.84
554a9784-b00f-4628-a683-bd0b1fb7d300,Nyamirambo,Nyarugenge,5.83,moderate,16.76,22.63,5.87
126f2152-c9ac-4845-94e7-9b45132ed490,Gikondo,Remera,14.15,heavy,55.09,46.27,-8.82
56a3d332-ee5c-4a63-8079-550d89ab827d,Remera,Nyarugenge,4.02,light,8.42,8.71,0.29
d4d55ceb-cdee-40e4-a09c-26ffccf75faf,Nyamirambo,Nyarugenge,21.68,light,51.36,52.31,0.95
00299d28-3428-44a1-b7d6-d74ac4dbc540,Nyarugenge,Gisozi,13.57,heavy,51.87,48.54,-3.33
f3b86d22-6cf8-4fa1-ac19-367b98fbec14,Nyarugenge,Kimironko,18.11,light,40.57,42.49,1.92
6421559e-5404-4cb4-851e-b8c1ce03dae6,Gikondo,Kacyiru,3.6,light,8.44,6.7,-1.74
3999f1b0-d381-42b3-883a-c7a6a99e79b4,Kicukiro,Gisozi,5.6,moderate,24.31,22.65,-1.66
5e619627-e880-43d5-8b4c-e821c9136203,Kicukiro,Kimironko,21.98,moderate,75.29,75.47,0.18
5f10f654-e651-4fc2-ad88-4b8dbd54bffb,Kimironko,Kacyiru,17.73,heavy,69.07,67.41,-1.66
ea49dc64-257d-428f-83f6-ef281fbc8789,Kicukiro,Remera,5.48,moderate,11.66,14.49,2.83
f54b7ab0-0b43-401f-b5c9-010542435375,Kicukiro,Gisozi,24.34,moderate,63.57,62.03,-1.54
58635048-59b8-47d2-97ca-7d7dfe07b677,Nyarugenge,Kimironko,16.07,moderate,43.36,40.54,-2.82
d085a230-fb81-4677-90d8-013e63a5ec37,Nyarugenge,Gisozi,27.01,light,54.69,52.47,-2.22
a0a1504a-a379-4afb-a4a5-0daf2b00523f,Nyamirambo,Nyarugenge,6.5,moderate,19.7,18.63,-1.07
1ff48d82-9da1-49d1-88c1-d4a9442c5f36,Remera,Gisozi,20.76,moderate,63.23,59.48,-3.75
3c0918a2-9664-42fb-8d79-53ab04d4ff37,Kicukiro,Gikondo,11.89,gridlock,61.98,66.67,4.69
20945ef1-3d5b-4889-b942-d82a43025094,Gikondo,Kicukiro,21.39,light,48.23,51.29,3.06
805ed9df-3258-43d9-a542-a8b116777beb,Nyamirambo,Kimironko,6.28,moderate,20.2,23.24,3.04
ce34d210-9b54-4325-81b4-12d0dbfcf178,Kacyiru,Nyamirambo,23.7,moderate,61.48,61.08,-0.4
f427a725-f125-4ce5-a56c-a1c99f73bb4d,Kacyiru,Kicukiro,27.32,moderate,67.07,68.29,1.22
0608c767-0dc8-4f32-b06c-37bd41524d13,Kicukiro,Nyarugenge,1.07,moderate,2.97,2.22,-0.75
23258833-c0b8-422c-9719-977100650d53,Remera,Kimironko,1.75,light,2.21,2.08,-0.13
1c927270-04ab-43ee-8f02-442d5882aad0,Kacyiru,Kicukiro,13.26,light,25.42,26.33,0.91
0278d7cb-316b-4281-94a5-5898e6422b0a,Gikondo,Nyarugenge,27.09,moderate,68.05,66.9,-1.15
73fbcafe-43a2-4271-90d5-dea69638201f,Gikondo,Kicukiro,23.87,light,55.04,55.07,0.03
50f04e92-444a-4ad1-842d-ce9079eeb0ee,Nyarugenge,Gikondo,22.23,light,42.42,42.22,-0.2
d463a888-764b-408a-8f68-f86e687baa6d,Gikondo,Remera,27.3,moderate,82.94,83.66,0.72
b4a66e57-a59e-43c7-b5a5-4a3d93134e86,Kacyiru,Kicukiro,17.21,light,36.57,34.3,-2.27
9d23ba5d-38c9-4dd7-9636-dbd3dd17e757,Kimironko,Remera,4.89,light,8.37,11.81,3.44
aa47d49e-d38b-40f3-963c-fb67ecc4d84c,Kacyiru,Remera,23.98,light,58.89,58.47,-0.42
e25027b2-58f0-4e03-b7dc-deef39507c20,Nyarugenge,Kimironko,23.48,moderate,70.06,69.85,-0.21
71c1cf97-cc2d-43e3-9161-45c9d230c262,Kimironko,Nyamirambo,26.96,gridlock,142.66,140.46,-2.2
6b4c9870-07e4-44da-8d82-d5d7eca827af,Kicukiro,Kacyiru,17.98,moderate,46.79,43.45,-3.34
393e06b1-4363-44fe-bdba-db5501e466cb,Nyamirambo,Gikondo,26.88,light,64.06,65.24,1.18
c3d26bd7-1cae-4413-897b-e876c6d0d458,Kacyiru,Gisozi,10.34,gridlock,45.94,40.48,-5.46
975446ce-db76-4c9c-a1f1-d943e3e8f320,Remera,Gisozi,24.95,gridlock,132.3,123.26,-9.04
38d8a6c1-879c-479b-9632-824f4ec0736a,Kimironko,Gikondo,26.07,gridlock,189.52,175.07,-14.45
fcfdc545-dd39-492f-9b08-a85b1c06d277,Kacyiru,Nyarugenge,2.85,light,4.64,6.92,2.28
7b11f02d-6143-4233-a6c1-0f4e683a5202,Kicukiro,Kimironko,4.57,moderate,14.36,17.59,3.23
4330698a-b27c-4426-8ab6-81673c4b7df2,Gisozi,Kicukiro,21.92,heavy,86.17,87.25,1.08
45f37474-9e20-4bec-9c61-24befd0e7226,Gikondo,Kicukiro,7.28,moderate,18.57,16.44,-2.13
03bab181-d306-435d-bd0b-402dfe549ad6,Gikondo,Gisozi,11.75,light,21.99,24.92,2.93
e82f33f0-dbc3-484d-b675-7585729144bd,Gikondo,Gisozi,15.66,light,49.91,50.82,0.91
bd6fcc46-5c6d-4af7-a257-baeb9671f587,Kacyiru,Gisozi,25.38,light,57.21,63.31,6.1
1876bafa-597b-42eb-a763-fdea21002940,Kimironko,Kicukiro,25.43,light,61.05,61.57,0.52
9956e453-8162-40ad-b2a3-236ac9d07ba8,Kimironko,Kacyiru,12.11,moderate,31.12,29.12,-2.0
26240d34-1dab-463c-bdca-3b0685f9d3ca,Nyarugenge,Kicukiro,25.37,heavy,83.02,85.95,2.93
44cc1fd1-e46e-45ec-b2e1-e2ec82d107a4,Kicukiro,Remera,2.17,heavy,7.88,4.17,-3.71
fdef152f-94ff-4f24-ba38-7cc51e83cefa,Kacyiru,Gisozi,20.78,heavy,80.6,77.25,-3.35
0566b03a-b413-45eb-8de1-2a90f952c994,Kimironko,Gisozi,11.83,light,26.56,26.93,0.37
ec248893-0fc6-4cfe-b08d-58256cf1331d,Kimironko,Kacyiru,10.49,moderate,30.78,26.67,-4.11
16935d6b-8109-4be6-b0b5-b46ffe7f96a4,Kicukiro,Remera,21.78,light,72.25,71.44,-0.81
adaae9dd-e872-48b7-9d34-863b6d01920e,Kicukiro,Gisozi,2.3,gridlock,14.88,8.33,-6.55
5d02a3a6-5957-40b2-a9f8-57b051c89262,Kicukiro,Nyarugenge,14.28,light,30.85,36.13,5.28
3b54755d-28e4-4878-8995-6a121fb54cd8,Kacyiru,Kicukiro,20.38,heavy,76.4,77.69,1.29
7ca8dfe3-79e2-4e23-8300-56ea3c4345ca,Nyamirambo,Kimironko,18.1,moderate,52.18,52.07,-0.11
0c36f3ae-75e7-462a-8fbe-4f6515df44f6,Nyarugenge,Kacyiru,14.97,heavy,47.43,50.2,2.77
e6ff582e-78dc-4268-8c18-93b781f05a94,Gikondo,Kimironko,16.23,moderate,60.12,56.78,-3.34
cc468737-1f0c-40f1-9051-9a9a81c4cce3,Kacyiru,Gisozi,23.48,light,60.11,56.67,-3.44
275676c6-3b0f-4de5-bc6a-edf1d20ed453,Nyamirambo,Gisozi,7.97,light,16.6,16.99,0.39
b798797a-1e8d-46ba-a5e0-f4290bc5b492,Kacyiru,Kimironko,24.69,heavy,83.55,83.52,-0.03
4bc5833a-ac40-4fc7-a73a-20d8c38b006b,Gikondo,Kicukiro,23.94,heavy,90.86,92.49,1.63
764c7bf4-fde9-4b88-b026-d0de66d0011e,Kacyiru,Remera,25.85,heavy,84.85,85.95,1.1
929094a8-fad4-4b40-a3af-44364c2138e7,Kacyiru,Nyamirambo,20.99,light,41.03,41.18,0.15
78aadaf4-3f1c-4764-b1cd-ae17ca23a969,Gikondo,Kicukiro,12.91,heavy,40.91,44.06,3.15
59bab9d0-5531-4f21-925d-0c827a5f845b,Gikondo,Gisozi,7.48,moderate,25.02,24.0,-1.02
66a95232-0404-43dd-baf6-1cd6c36569c8,Gisozi,Kacyiru,26.05,moderate,75.19,76.02,0.83
ed261b89-3a83-47fe-8c3f-4176d7e165e7,Remera,Kimironko,7.05,heavy,26.16,24.58,-1.58
0a4ec5c2-c5ad-45eb-8f9f-02c80d2d73e2,Nyamirambo,Gikondo,23.08,light,55.46,56.67,1.21
dbab9531-1bb8-4880-9d6d-e75525516eb5,Kacyiru,Kicukiro,21.19,moderate,57.6,54.1,-3.5
1be45079-e781-4e87-b1bb-1a432d7df4a2,Kimironko,Kicukiro,3.8,light,8.35,6.7,-1.65
c15a0c50-7d5d-4353-a6dd-4fcb5007c8c7,Gikondo,Nyamirambo,27.99,light,56.06,54.33,-1.73
266809f6-b7bc-4676-986e-b8ed807b64cb,Nyamirambo,Gisozi,24.77,light,69.17,71.82,2.65
d3c7508c-4825-4acb-ae31-1d2095152d1d,Nyamirambo,Gisozi,16.37,heavy,61.4,65.98,4.58
5c24d7cf-01ba-41a8-a867-70f77ace06cf,Kacyiru,Remera,22.48,heavy,70.21,75.19,4.98
d207790c-3f70-42ae-bb10-1f718cf40645,Gikondo,Gisozi,14.76,moderate,35.77,38.83,3.06
9693c536-2bd2-46c7-a690-6332b8c6f81b,Remera,Nyarugenge,18.21,moderate,57.24,54.23,-3.01
3bbc42a6-2910-41f2-813f-4217caa113de,Gikondo,Gisozi,25.45,light,73.51,74.08,0.57
ce7590d6-1976-4b47-b1ad-b3cb685b61e5,Nyamirambo,Gikondo,7.96,moderate,24.88,24.63,-0.25
e92dbc97-5e62-44f8-a6ff-31c60f565135,Nyamirambo,Kimironko,23.39,gridlock,123.43,116.27,-7.16
69d4a303-b934-4f63-99a4-d0ed2f3c65f4,Nyarugenge,Kicukiro,4.13,light,7.35,10.29,2.94
c380edfd-4be1-4ea3-ab14-d8daa72a44b7,Nyarugenge,Nyamirambo,1.99,gridlock,10.62,9.66,-0.96
828bf403-a093-42d6-aa8d-2e28c1818100,Kimironko,Kicukiro,16.27,light,36.86,41.35,4.49
749c7568-e349-408f-8d3e-045a6e882f5b,Nyamirambo,Kacyiru,7.06,moderate,21.08,21.05,-0.03
5b90f2bc-e930-486d-8c78-b2940cfebc82,Nyarugenge,Kacyiru,2.17,light,6.58,6.93,0.35
64cf43e7-0286-40cb-a563-8a14719cbba1,Remera,Nyamirambo,4.85,light,13.52,14.11,0.59
86b95560-611d-4c24-bb29-f2e7b3998f0c,Gikondo,Nyamirambo,9.69,heavy,34.58,40.61,6.03
2e422a35-909d-44c3-ad32-9f6ed580381a,Nyarugenge,Kacyiru,1.85,heavy,11.13,11.32,0.19
68f29e45-279d-4178-b1ab-f88d2bea05d3,Kimironko,Kacyiru,11.82,moderate,28.17,31.07,2.9
87bd513a-8d63-4b69-81e8-1f751709100a,Remera,Gisozi,17.85,heavy,69.82,66.92,-2.9
d7a2a8ba-445f-4c6f-b9bb-720d41295098,Gisozi,Nyamirambo,17.38,moderate,54.77,51.65,-3.12
e5ecf447-f877-4810-b530-c2e57bf24b5b,Kimironko,Kacyiru,9.07,light,27.41,26.06,-1.35
d1f685a4-3780-4f8e-8fb9-c96483a241e0,Gisozi,Nyamirambo,2.1,heavy,6.04,8.68,2.64
b1c82e62-34c0-4361-adae-3f2a5c2b5f60,Kicukiro,Nyamirambo,11.53,moderate,36.43,33.86,-2.57
00220499-b85e-4e21-905a-5d0127e410b2,Kimironko,Gikondo,21.67,heavy,68.65,72.67,4.02
fa4b9425-e395-48b4-8d19-5608a1b314c7,Remera,Gisozi,7.2,moderate,21.38,21.05,-0.33
d0a1b0d8-cb29-46e7-bc5f-dcaaedbf09eb,Nyamirambo,Remera,12.53,light,26.64,29.65,3.01
cd2e4d2c-fed4-4857-82e9-70a73206af5f,Gisozi,Kacyiru,10.58,heavy,33.66,35.27,1.61
230c7abc-31e8-4bd7-912d-cfaaac1c55ea,Gisozi,Nyarugenge,18.96,moderate,50.03,46.66,-3.37
e5ed2364-1043-4ac0-bcef-c1d804b8713b,Remera,Gisozi,10.33,heavy,32.2,35.27,3.07
7c4c0fd0-675a-4797-8ea2-fcb3dab2ed97,Kacyiru,Nyarugenge,13.92,light,31.72,32.05,0.33
ab4817fa-1174-476b-a8fa-b015f32c4962,Nyarugenge,Remera,25.18,gridlock,115.77,120.58,4.81
8123c8b5-d4f2-4582-88b0-6d0743667d32,Kacyiru,Remera,5.23,heavy,16.97,15.68,-1.29
1a8303e0-77c2-4c30-acc5-52c539df2e7a,Nyamirambo,Kicukiro,18.66,moderate,60.46,64.63,4.17
de7653db-cbe9-49c7-8cf5-68ca253a96bc,Nyarugenge,Remera,8.52,moderate,27.67,28.36,0.69
3788d2a0-d6cd-4053-8b52-d706694a99f6,Kicukiro,Nyarugenge,13.2,heavy,49.93,44.77,-5.16
0686cc73-a16f-4383-95b3-418a7ba87f80,Gisozi,Remera,6.5,heavy,21.9,20.43,-1.47
f1832826-d24a-4bc5-b507-68c8392bf9d2,Gisozi,Kicukiro,7.59,gridlock,44.1,45.94,1.84
608a896d-aa36-42da-8a1a-1b4239b1b8d2,Remera,Gisozi,2.44,moderate,9.39,13.92,4.53
c9544d09-b489-449a-9cd5-10508b28ab67,Gisozi,Kicukiro,18.29,heavy,82.12,77.32,-4.8
8d7a6b3e-c660-4210-a284-a4def5cfdf64,Gisozi,Kicukiro,8.98,heavy,40.03,41.69,1.66
d384e50a-0c9e-4597-bcf8-5dbb3c23fb1d,Kacyiru,Kimironko,1.86,moderate,5.07,1.84,-3.23
5fd966dc-0db7-4ba8-a39d-770339c510a7,Kicukiro,Remera,27.2,light,64.33,64.17,-0.16
430b7461-23f2-4f03-b31d-7d96ee62f79f,Gisozi,Kicukiro,13.98,gridlock,64.88,65.35,0.47
f9187651-5bc8-4000-85c4-9279bc4b00d1,Kacyiru,Nyamirambo,25.26,light,57.46,61.05,3.59
5e165970-6d7d-40b5-b03a-a555667f90f0,Kicukiro,Remera,23.51,heavy,108.56,101.47,-7.09
9cfa8f57-74a1-4a09-8a62-0828b18ca371,Kimironko,Nyarugenge,5.68,moderate,13.26,12.98,-0.28
83becae6-5b4d-43c0-adf4-3548958d5d51,Kimironko,Remera,21.45,moderate,55.24,55.49,0.25
2baf06c3-749b-4ade-89f1-78e4963518ec,Kicukiro,Gikondo,22.93,heavy,71.84,78.28,6.44
28e66dd7-0beb-4a6d-82a3-922e8e0a5632,Kicukiro,Gisozi,18.74,moderate,54.46,53.93,-0.53
3fc26da8-4fc6-4fa6-8a16-7db2a777a4fe,Kicukiro,Nyamirambo,3.15,heavy,12.68,13.03,0.35
d5eb316d-65f6-4e64-934a-43e1cf94a07c,Kicukiro,Nyamirambo,23.83,moderate,58.48,62.03,3.55
88135981-c329-453f-96f0-1ba5ce3c8cb5,Gisozi,Kicukiro,12.58,moderate,34.61,36.58,1.97
e049260a-7dce-4cef-b0ac-da12f11e3bd1,Gikondo,Nyamirambo,16.23,heavy,53.75,53.4,-0.35
5555bbde-1224-4c9a-ab63-ce76a4589ab5,Kicukiro,Gikondo,7.19,moderate,21.45,21.05,-0.4
31ae7060-f0c8-411f-a333-710197842abc,Kacyiru,Kicukiro,8.57,moderate,25.28,30.29,5.01
a0e297cf-c3ba-4305-b32f-516e6cdc05f5,Nyamirambo,Kacyiru,10.37,heavy,40.74,42.07,1.33
633f63a6-05e8-4f01-82a0-6047974995e9,Gikondo,Kimironko,5.65,moderate,19.78,16.08,-3.7
e8ff8852-e68c-4cea-b4e2-fb88c9021603,Kicukiro,Kimironko,27.27,light,65.97,66.24,0.27
2acb40a4-85de-4cf6-a1fa-43a3e0663a3e,Nyamirambo,Kimironko,2.82,light,9.03,7.05,-1.98
e104dca0-51c3-472d-8fd2-5690cb9344d8,Nyamirambo,Kicukiro,4.13,light,9.24,13.46,4.22
c6848748-881a-404d-9c56-ed0083bcba2a,Nyarugenge,Gikondo,17.61,heavy,68.31,65.98,-2.33
b2f649eb-1b6b-4c70-a464-0b6c2c1ec326,Remera,Gisozi,17.1,moderate,52.74,51.63,-1.11
f306a67a-6f58-459c-995d-8f02d63711d2,Kicukiro,Kacyiru,10.39,moderate,27.3,29.85,2.55
2b4a1848-5b8f-40ee-9211-5c6ec43e2972,Remera,Nyarugenge,18.69,heavy,86.51,79.18,-7.33
d8695e16-3203-4fb0-aa61-ea78c5def4bd,Remera,Kacyiru,15.48,heavy,51.36,53.22,1.86
480423c7-db04-4726-9f3e-6754d73d127d,Gikondo,Kicukiro,12.64,gridlock,54.34,60.39,6.05
0390b340-266d-44be-8d9e-c08f1a9c60e8,Gikondo,Kacyiru,6.39,heavy,26.11,21.41,-4.7
c4221e35-24d1-4a39-a39f-12335bde13ef,Kacyiru,Gisozi,9.34,moderate,27.88,28.75,0.87
d4a7ac94-fec4-458b-954c-4583c0546ffa,Gisozi,Nyamirambo,3.39,heavy,14.42,8.8,-5.62
93d98f77-7b4d-4a0f-b965-4405ee5c2ab8,Kimironko,Kacyiru,20.75,moderate,64.62,58.8,-5.82
bfbb1b75-baa3-4bcd-95c8-c964804256e2,Gikondo,Nyamirambo,24.22,gridlock,129.42,118.66,-10.76
fa601aa8-911b-4a6f-8518-4fc844f304a7,Kacyiru,Kicukiro,24.28,moderate,76.35,72.35,-4.0
627f1ef4-0649-4fd9-9a6f-0a813cec4431,Kimironko,Nyarugenge,20.58,moderate,49.43,50.86,1.43
e8ef9797-ce5c-4734-8cdb-3b2301a6d30f,Kimironko,Remera,18.43,heavy,71.29,67.41,-3.88
9d3e51f3-1a51-4dbc-a89c-138460a97d02,Kicukiro,Kimironko,4.95,gridlock,26.44,31.36,4.92
4c9680f7-37f3-44c8-bce4-6bb80447318b,Gikondo,Gisozi,13.39,moderate,38.66,38.5,-0.16
213341b3-1f99-4a00-9e9f-692ffc44661b,Kimironko,Gikondo,21.88,light,64.16,62.96,-1.2
a0f1067f-82dc-4548-8895-73a8fb3350e2,Nyamirambo,Kicukiro,20.6,light,41.96,40.5,-1.46
10f8fc7a-4ebb-4195-b9b8-7b7ca12553d9,Nyarugenge,Gikondo,26.63,light,63.66,64.82,1.16
29bc973f-e13e-4fdf-a364-c3b5e58b579b,Gikondo,Nyamirambo,17.48,heavy,69.33,65.98,-3.35
b27b74e0-6cc0-42e8-9e9f-d3408e946b0e,Nyamirambo,Kicukiro,13.34,heavy,49.43,48.33,-1.1
3a9629e9-d145-4416-924b-cea65aa5ac23,Kimironko,Gisozi,10.64,heavy,37.43,36.11,-1.32
f74764fe-23e0-4717-b0b9-fda5eae8cd72,Kimironko,Gikondo,16.34,heavy,60.7,67.44,6.74
073034fa-795d-49a5-928c-aa4a2c42f2ac,Kicukiro,Nyamirambo,25.87,light,52.19,52.74,0.55
2099244e-9029-4a07-9be0-ecfaacd55891,Gikondo,Gisozi,14.77,light,30.18,28.27,-1.91
8f34671b-fcf4-4b19-aaba-20e956da7976,Nyamirambo,Kacyiru,17.72,heavy,57.49,58.46,0.97
4b0e5c0e-16df-41b7-b945-812b804dc617,Gikondo,Nyarugenge,18.26,moderate,55.04,55.82,0.78
19b176da-4a9a-4a46-bbe4-7f58237438ae,Nyarugenge,Kimironko,10.2,moderate,22.26,26.67,4.41
7dfba122-dcf1-4679-bdd8-05f6c3db3538,Nyarugenge,Gikondo,10.2,gridlock,53.22,48.55,-4.67
7ec38b2c-05cd-41ef-9fda-10108d69fef2,Gisozi,Nyamirambo,7.39,moderate,22.31,17.95,-4.36
45431618-88ff-4b1d-93b0-c41846062f9a,Kimironko,Nyarugenge,27.52,moderate,69.96,68.29,-1.67
b87b66ca-86dd-4123-9223-dbdceaa8e35b,Remera,Nyamirambo,20.32,light,57.58,58.97,1.39
e590a9ea-8c2b-4320-8330-d79e98a5881b,Nyarugenge,Nyamirambo,3.49,moderate,9.91,7.35,-2.56
0983ba24-da6d-466a-a762-8f48d345ddce,Gisozi,Nyarugenge,24.75,moderate,70.13,73.12,2.99
fa78f0f6-5029-44c9-89c5-1fcb29f7554d,Kicukiro,Kimironko,27.49,light,88.32,91.1,2.78
9e259185-7107-44eb-b3c6-9c1ccdb2b173,Kacyiru,Gisozi,1.42,gridlock,9.39,2.68,-6.71
e8c69906-ca95-49f4-9a4e-c9c8dbc1bfd6,Nyarugenge,Remera,7.36,moderate,22.58,20.51,-2.07
964c4dd8-40c9-4a42-a8df-49763b2bffec,Remera,Kacyiru,7.61,light,18.47,20.25,1.78
f16777c2-c3d9-460d-9f3a-b9066fe327a3,Kimironko,Nyamirambo,8.11,light,18.09,16.5,-1.59
99ed796d-e6be-4592-827b-6c63f2866dd1,Kicukiro,Kimironko,20.48,moderate,62.17,60.83,-1.34
5154ab85-1bf2-4154-9333-3aaf78f412c9,Nyarugenge,Gisozi,10.23,light,28.54,29.28,0.74
5cabf56f-d269-430a-a4fc-8eb385fe5b6c,Nyarugenge,Kacyiru,9.02,moderate,35.63,34.43,-1.2
395ff663-3c42-43fc-81be-f0a447cebb3a,Gikondo,Gisozi,1.31,moderate,3.48,2.22,-1.26
d3d6b7de-62e9-46f8-bae1-dacd85c2e722,Kicukiro,Nyarugenge,16.04,light,39.5,39.44,-0.06
ac7b325f-f96b-43e2-86b1-717d0425e289,Nyamirambo,Nyarugenge,19.8,light,40.62,39.27,-1.35
12e265c4-3372-4314-916f-39b6f9771daf,Nyarugenge,Gisozi,23.83,light,58.51,55.7,-2.81
3cefb094-bfc8-474c-9025-15deea664f3e,Gikondo,Nyamirambo,15.41,heavy,68.37,73.11,4.74
d6118989-f746-4315-9c91-e522cee63822,Gisozi,Remera,22.81,gridlock,101.7,98.94,-2.76
4c19551a-a320-4aba-a5fb-ae6e3c19b2c7,Kicukiro,Nyarugenge,3.13,moderate,6.86,4.85,-2.01
c8e73f20-4eea-40b7-be28-589d8657d23f,Nyamirambo,Kimironko,16.97,moderate,50.96,51.63,0.67
0029faad-b91f-48d4-8920-26cb472bed2a,Kicukiro,Nyarugenge,25.78,heavy,116.37,111.3,-5.07
2491bbc9-4c16-45a3-8774-aeb433d95d5b,Nyamirambo,Nyarugenge,1.99,moderate,5.78,6.6,0.82
0caf139a-ccf2-4fbb-b00b-07f60fc1cba4,Kimironko,Gisozi,23.13,light,57.63,57.1,-0.53
3dbb3fda-0b22-4654-82dd-6beb112ab727,Gisozi,Nyamirambo,11.77,moderate,49.47,47.82,-1.65
86628710-044f-493a-9299-fda20233157c,Gikondo,Remera,1.33,heavy,5.77,4.66,-1.11
b1403e89-2c08-4094-98b5-92f872d31afb,Kimironko,Gisozi,3.73,moderate,9.88,10.15,0.27
6b15d5a0-6bab-4c28-b67e-5e7fa377b4d1,Kicukiro,Kacyiru,12.13,moderate,31.93,30.19,-1.74
51e7d55e-bd43-4d5e-8fd2-ec0c5f67b551,Kacyiru,Kimironko,10.66,moderate,30.8,32.69,1.89
99035d24-2b27-437c-96a1-71126d836e70,Remera,Nyamirambo,17.11,light,42.73,40.56,-2.17
3ea5ae75-8f4c-4361-8b25-874e68367e00,Nyamirambo,Gisozi,5.67,light,16.52,13.24,-3.28
1018aedc-9a1e-4813-a226-5df03be7de62,Nyamirambo,Nyarugenge,8.21,light,19.71,21.14,1.43
af259321-2a7a-474d-ab6d-330febfc1f85,Remera,Nyarugenge,22.21,moderate,68.81,67.45,-1.36
370174ec-e756-4c41-85f8-b10ac675a756,Nyarugenge,Kacyiru,15.66,light,31.08,29.96,-1.12
f8fe4d9f-7313-444b-995a-bf82a7b3fe38,Kacyiru,Remera,26.39,moderate,80.05,76.93,-3.12
626ccf33-a8a4-4af3-b1b3-ad00248691b5,Kicukiro,Gisozi,5.24,heavy,17.79,19.43,1.64
15941ad5-bbd5-47e0-8d0c-49be0e2987df,Remera,Gikondo,26.34,light,54.41,52.47,-1.94
35b87944-996f-4b80-9ab3-567966144ed9,Nyamirambo,Kimironko,17.33,moderate,46.02,42.6,-3.42
8645cadf-0e06-4eb4-877e-70fa430b0f4d,Nyarugenge,Gisozi,15.95,light,37.32,41.51,4.19
630e18d7-2343-431f-9d8f-46fdd65fd104,Nyarugenge,Remera,18.45,light,44.61,42.49,-2.12
c1360a7b-a694-45a3-88ed-a9d6af1bd499,Gikondo,Kacyiru,21.18,moderate,64.21,64.98,0.77
6c1f5e87-0de8-4427-97bc-a8ee3df64a32,Nyamirambo,Kimironko,18.25,heavy,73.44,67.41,-6.03
fa0322b8-5faf-4e0d-886f-d07e2fa9bf24,Gisozi,Kacyiru,27.64,moderate,101.03,95.06,-5.97
97860009-3267-43b1-adcc-62f92b4c9be5,Nyarugenge,Gikondo,1.63,moderate,3.31,2.89,-0.42
6e08c0a9-11b4-45ee-bd55-96cb9e645f95,Remera,Nyamirambo,3.24,heavy,18.17,14.04,-4.13
d1a100c0-b6f9-4381-ad25-a73649a5049c,Nyamirambo,Remera,19.8,light,41.84,39.95,-1.89
33e4ee04-47d7-42f9-8a20-96dec334a465,Kicukiro,Remera,17.2,moderate,49.88,51.63,1.75
0d111969-08e7-4d2b-bba2-4b5721b0c2d4,Gisozi,Gikondo,6.85,moderate,23.42,22.56,-0.86
d783098d-7440-4509-a6fc-eb8fc318b8ec,Nyarugenge,Gikondo,6.39,gridlock,31.91,31.81,-0.1
f0e0cd70-f98f-40f0-a404-adb7c1b1dcd6,Remera,Gisozi,17.46,gridlock,89.76,95.43,5.67
d3c634a4-c1df-4d76-83e3-a1c6f26a68bf,Gisozi,Remera,6.68,light,15.56,16.0,0.44
e7f100cb-0f5b-4439-a35d-b5e0aa07a7f2,Nyamirambo,Gikondo,14.62,light,29.56,28.2,-1.36
3f975dc7-b2d0-4d55-8c95-c64d35e81ac3,Nyamirambo,Kicukiro,3.84,light,6.73,9.87,3.14
9a60c1b9-1f7f-478d-ab0d-41575909e29e,Gisozi,Kicukiro,1.89,light,2.01,2.08,0.07
075f47ba-75a0-4db7-ae7d-3f224642e682,Kacyiru,Gisozi,20.32,moderate,71.68,70.43,-1.25
862e6eef-6da9-41ab-912b-bc88e092fa0a,Kicukiro,Gisozi,26.7,moderate,80.72,80.68,-0.04
b31d5db8-41ec-4693-be9b-48a9f03ac186,Gikondo,Kacyiru,6.0,moderate,16.18,18.63,2.45
61ce5855-c190-4341-9077-0ecc36fcd8bf,Kimironko,Gisozi,1.76,heavy,9.16,8.78,-0.38
b9205306-98e0-468b-b2c4-df22005358f9,Kicukiro,Remera,22.73,light,61.44,61.08,-0.36
834e1629-0106-4a8d-8e8d-df70e22f52c9,Nyamirambo,Kacyiru,8.27,heavy,27.95,27.65,-0.3
467fc1e3-90dd-4a3a-91eb-9cd1344d0473,Gikondo,Kimironko,19.31,light,36.49,39.27,2.78
93b7c121-d79b-4160-89f7-1083cf437277,Remera,Nyamirambo,6.05,moderate,15.5,14.56,-0.94
5b201552-dc9b-4dc6-a5ed-a393ae4afc2e,Kicukiro,Remera,5.75,light,15.29,15.64,0.35
4510d51f-d2cf-4891-9e24-1af4e581b037,Kacyiru,Gisozi,5.35,moderate,17.9,17.58,-0.32
5b0629f7-3f16-42a5-8d8f-7227f46374bc,Remera,Gisozi,24.98,moderate,78.59,73.12,-5.47
91a4cdfd-221f-4120-b76e-4ba2d6fa2698,Kimironko,Kacyiru,18.98,heavy,63.27,61.67,-1.6
91e508b0-6c2f-4128-8631-5ef0cc744db6,Kicukiro,Remera,4.81,light,7.07,11.94,4.87
9d7ed1c0-44cd-40bd-a4c3-bc522d5ed21d,Kimironko,Gisozi,17.73,moderate,52.38,53.42,1.04
2f68badc-e424-4e48-9173-87e7e6c0d531,Kimironko,Kicukiro,24.35,gridlock,127.62,136.39,8.77
e7bf2ce7-81e2-4b95-9042-f235340ca050,Nyamirambo,Kacyiru,1.48,moderate,5.55,2.22,-3.33
2a9d86ca-814a-42ff-80bd-7085d8e25e17,Kicukiro,Kacyiru,5.06,heavy,18.2,13.38,-4.82
731d7011-cd3f-4d11-8678-66bcb1faa5dd,Gisozi,Kimironko,17.38,heavy,55.69,56.14,0.45
57dab77f-bf00-423d-b2b7-c62e545a7f4a,Kacyiru,Kimironko,4.33,light,11.77,13.15,1.38
13735c37-0cad-4cf9-8d52-dc6d2fe8f57b,Gisozi,Kimironko,24.52,light,52.4,50.86,-1.54
ba877b34-0945-4d50-8a2a-ae70c7055db1,Nyarugenge,Gikondo,25.2,gridlock,157.33,154.38,-2.95
a42864f5-35f0-4b1e-bd0b-f9b964392aca,Kimironko,Nyamirambo,5.1,moderate,15.37,12.99,-2.38
1b5a4fc6-950f-42f8-be08-6036fbb9e913,Nyarugenge,Gisozi,25.13,moderate,76.9,73.12,-3.78
f357aa77-2b31-47ac-911f-c4a43d06dcfe,Gisozi,Kicukiro,2.63,light,6.07,6.92,0.85
effc2a3e-0986-4a99-b5ee-f3843c188972,Nyamirambo,Remera,14.84,moderate,36.62,37.85,1.23
889964c6-d59d-4bf5-b76f-1ca4da2636ad,Kicukiro,Gikondo,19.07,light,42.75,42.8,0.05
b6f80c74-b9e0-4c79-bb46-216be66934f5,Gisozi,Gikondo,15.64,gridlock,67.62,65.78,-1.84
bbd35624-0012-49e6-a6d8-3a7cf507ea68,Remera,Gisozi,20.64,moderate,51.77,50.86,-0.91
5fc7202b-7bfe-40e3-ac58-b5222615be6c,Kacyiru,Remera,14.54,moderate,33.55,37.85,4.3
d30b3e17-081d-4d37-b1ab-5c6252f3fdef,Nyarugenge,Kicukiro,5.36,moderate,19.18,17.59,-1.59
b535fa03-4e5d-4ea2-9a5a-532271248bf7,Gisozi,Nyarugenge,14.64,light,33.21,36.13,2.92
353e3220-8dad-4d33-8926-2291092f4abd,Remera,Gisozi,25.16,light,47.06,50.44,3.38
686ff46d-e7e6-4239-97d5-109f9dd92e33,Gikondo,Gisozi,17.11,light,44.42,46.35,1.93
757874be-7f7f-4094-a72b-5dea0368b14f,Gikondo,Kimironko,2.3,light,7.68,3.76,-3.92
2a718d5d-ea3d-4af2-afcc-aab848c45ce8,Gisozi,Kacyiru,20.3,moderate,58.47,58.8,0.33
c03d410e-28fb-4664-af18-2bee6943ee3b,Kimironko,Gikondo,4.73,light,9.12,11.81,2.69
33c43be7-55a8-438b-843d-ed5a1cdd2032,Gisozi,Kimironko,26.9,light,78.2,74.38,-3.82
b1ae650e-af72-4762-915e-7038c9d1d5be,Nyarugenge,Kimironko,2.36,moderate,6.35,6.87,0.52
1cd52aca-9d0f-4425-b918-202e5ddeb6c9,Kicukiro,Gisozi,6.81,light,12.09,14.35,2.26
ff891677-0b70-4e72-a78c-27fbdda4ab7b,Gisozi,Nyarugenge,4.62,moderate,10.33,16.08,5.75
313e1695-8c3a-4656-a874-9453be737017,Kacyiru,Nyarugenge,10.45,light,18.07,20.69,2.62
1ddad5d1-b18c-49f4-acb3-d3bcd0bd847a,Nyarugenge,Gisozi,8.11,moderate,20.99,20.01,-0.98
07c93d0e-81ef-41e3-bb76-a48fbf726e43,Gikondo,Kicukiro,21.66,heavy,99.81,95.16,-4.65
4ff8d1c3-2ffe-4bf5-bbdd-57466ad20712,Gikondo,Nyarugenge,10.48,light,19.6,20.24,0.64
ade67158-c072-4805-9e17-28cb061c3666,Gikondo,Kacyiru,18.4,moderate,54.56,52.07,-2.49
0d924925-2c6f-4390-9b62-ce6c4e45d0e0,Nyarugenge,Kacyiru,1.6,heavy,6.91,6.71,-0.2
f50f665b-1d8f-44e6-b0ea-f39c06d751ab,Gikondo,Kacyiru,11.56,heavy,44.45,41.7,-2.75
bc6cb247-17f5-4188-93dc-ae3399ca26c2,Remera,Kicukiro,19.38,moderate,69.9,65.93,-3.97
151405c8-9515-4d05-85c1-f504d9cf28c3,Kicukiro,Nyarugenge,12.78,moderate,32.87,32.45,-0.42
8ec392e5-26ad-4806-b1e6-221eca7abf56,Gisozi,Nyarugenge,13.08,light,35.91,31.32,-4.59
793d403f-add8-4f24-8514-e7f959297786,Kacyiru,Gisozi,22.74,heavy,89.23,87.25,-1.98
b9f52b49-a8aa-46fa-a1cc-fd5f37d6218b,Gikondo,Kicukiro,5.53,moderate,12.77,14.49,1.72
5279503a-e540-45b6-973c-a0e1b9ccd471,Nyarugenge,Kacyiru,20.15,heavy,80.01,75.08,-4.93
e7c6c79c-08a6-4f60-8f22-ffa8d593fc05,Kimironko,Gisozi,25.21,moderate,84.83,87.25,2.42
586ee748-6f8b-49c9-88f8-80793ecd826a,Remera,Kicukiro,5.57,moderate,21.82,22.65,0.83
2107aa97-55f6-4167-86dd-96a098c9e015,Kacyiru,Nyarugenge,3.79,heavy,16.79,14.87,-1.92
69c8db45-c573-4efe-ac69-3e9c2044b842,Gisozi,Nyarugenge,3.79,light,9.33,8.36,-0.97
dd561228-b233-48dc-ab2c-65a86ad112e4,Gisozi,Nyarugenge,20.74,heavy,67.87,66.34,-1.53
b4ba38a9-a2b6-4a9d-919a-90ec49efdda0,Remera,Kacyiru,18.3,gridlock,115.56,112.6,-2.96
69f20f6f-eab8-4cb5-9ade-af81b634b96b,Remera,Kimironko,22.41,moderate,57.89,55.84,-2.05
29357406-9cd5-4851-91e7-92f0a0b3c7f1,Kimironko,Gikondo,21.55,light,54.92,59.39,4.47
48f745d8-8762-4c64-9dfb-174b2dd23827,Gikondo,Remera,3.17,moderate,7.72,6.52,-1.2
d3630d88-52e2-48dc-a79d-556e74725a01,Gikondo,Kacyiru,9.03,moderate,23.2,22.7,-0.5
bf803b0d-8238-46de-b796-94c488d791e7,Nyamirambo,Kacyiru,3.02,moderate,8.06,7.65,-0.41
4d9dadf0-0864-491c-833c-5f95de7e5ca7,Kimironko,Nyarugenge,27.32,moderate,79.97,81.71,1.74
408ed441-9b2f-4cbe-8a8f-f661f4fe8123,Gisozi,Nyamirambo,15.37,heavy,62.95,62.51,-0.44
8a5be1b0-219c-4561-a77f-916014227253,Gikondo,Nyamirambo,26.03,moderate,80.48,76.94,-3.54
74914587-b8b5-42fc-9e21-8c5350968baa,Kimironko,Gisozi,26.93,light,52.82,55.14,2.32
a6abaf6b-d9c1-4141-bb96-1cb31065bff0,Kicukiro,Nyarugenge,26.79,light,54.74,52.15,-2.59
a6f6889c-aec6-4c33-abba-49b7b3d069b3,Nyarugenge,Remera,7.92,moderate,29.48,30.28,0.8
06690444-2504-4165-bd16-bafe75936cd4,Kimironko,Kicukiro,24.66,moderate,64.62,61.51,-3.11
9be6056d-d0df-44ca-80d5-776687530fba,Remera,Kacyiru,13.26,light,23.73,26.33,2.6
eef451b1-5da0-4b79-a6bc-a489ac117db4,Remera,Gisozi,11.77,light,33.41,34.73,1.32
5a03f7ae-61b7-4178-911d-d199a80181ff,Nyarugenge,Kacyiru,1.67,heavy,6.92,12.3,5.38
4d01f4ac-17b9-42bb-b515-c031dc76cdc1,Gikondo,Kicukiro,12.44,moderate,38.43,37.62,-0.81
26ff71db-f371-4b39-8420-edc0b5facd00,Nyarugenge,Kacyiru,15.72,heavy,61.49,64.15,2.66
0c179b5b-e516-41f7-96da-10e99c923d72,Kimironko,Nyarugenge,20.65,moderate,50.26,52.55,2.29
03a62bc2-f510-4c9c-aa35-4f3779a1ace9,Gisozi,Kimironko,11.38,heavy,43.57,41.7,-1.87
a293746b-bd3f-451f-9c8a-4ad4b0c92606,Gikondo,Nyarugenge,6.92,moderate,21.79,18.84,-2.95
6124b2d9-b41e-4b4c-998f-dff9506b295c,Kicukiro,Nyamirambo,10.47,heavy,37.91,41.7,3.79
638424a9-066f-4160-a849-634142624f05,Nyamirambo,Gisozi,3.62,light,5.5,5.27,-0.23
a6a1da95-eed3-4421-9c37-64a9d425dbd1,Nyarugenge,Gikondo,7.42,gridlock,31.28,36.66,5.38
0ff42684-3045-4db8-ad6b-73cab4d7712e,Nyamirambo,Gikondo,10.13,moderate,35.82,31.8,-4.02
963839b9-260c-4c5c-a037-145eabcb2307,Kimironko,Kacyiru,16.17,moderate,48.86,50.33,1.47
4bb8e57e-fbec-470f-85ee-8f6388aa97e7,Gisozi,Kimironko,17.19,light,40.02,41.61,1.59
0ca34f2d-b2d0-4ffc-bfd1-46a8382302a8,Nyamirambo,Gikondo,5.11,moderate,14.76,17.59,2.83
39bb8f39-6f02-4c39-a90e-6be1255335ec,Kimironko,Kicukiro,12.24,heavy,57.16,53.57,-3.59
8498d3ef-9dcc-47cc-8c72-17ce6ae80b98,Nyarugenge,Nyamirambo,24.75,moderate,72.57,74.14,1.57
e2bb61a5-d569-4fd3-8642-fa5bd12eb3cb,Kicukiro,Gikondo,23.66,moderate,58.5,61.89,3.39
b225287c-e281-44bb-a0c0-d4c70830a786,Remera,Kacyiru,22.03,heavy,69.21,75.53,6.32
5a87c22c-c4c7-43fb-a15f-2247846d4749,Remera,Nyarugenge,12.33,moderate,42.96,42.94,-0.02
40512c1f-89c1-41f5-8233-a061426b7ba1,Kacyiru,Kicukiro,16.26,light,41.45,39.14,-2.31
0c2d62cb-7e19-4d9d-976d-4981d2493fdf,Nyamirambo,Remera,18.39,heavy,71.6,68.87,-2.73
8fc8690e-5499-4b69-b538-d0cb4150a6c2,Remera,Nyamirambo,23.63,heavy,103.31,106.13,2.82
f48e637e-6b29-4813-a9c9-f0b97a809e38,Remera,Kacyiru,6.55,moderate,20.86,21.05,0.19
637c93e3-4752-40bb-94f0-f13626e276d0,Nyarugenge,Kimironko,9.43,moderate,24.71,24.04,-0.67
65d122c2-bcfe-4c7a-83c9-6415a842b82a,Kimironko,Gikondo,18.34,light,49.24,50.92,1.68
103001f6-6819-4448-8674-26bca190fa38,Nyarugenge,Kimironko,11.45,moderate,31.47,28.9,-2.57
9e102c25-8287-411a-94d3-4076e979560a,Kimironko,Gisozi,12.31,moderate,32.71,36.16,3.45
23e91508-750a-41d9-a42c-7d4081e4b9f4,Remera,Kimironko,17.81,heavy,81.4,77.32,-4.08
2d1317ad-9747-4b5e-9f10-e3bf24e3fb59,Kimironko,Remera,27.3,moderate,111.41,109.04,-2.37
fb940731-0294-417e-95c8-e8cd5477875c,Kicukiro,Kacyiru,3.85,gridlock,21.15,10.36,-10.79
2e161ae1-6048-4c1d-86f0-e6a67a871f15,Kacyiru,Remera,5.36,light,9.82,11.17,1.35
401c6c14-c80b-4b2b-81ee-1ce4067011d4,Nyamirambo,Nyarugenge,2.15,gridlock,11.63,8.33,-3.3
f4dc5138-d560-40ad-beb4-229bcf2817d4,Kimironko,Nyamirambo,27.51,moderate,93.46,94.27,0.81
5de5957e-ff13-4dc8-8bc1-f14e07f434c4,Remera,Kicukiro,1.32,light,2.0,5.24,3.24
e93afad1-1eac-4a73-963f-0ab1bfb219e9,Nyamirambo,Kacyiru,15.82,gridlock,84.61,78.73,-5.88
886e4963-6ba8-4818-a37a-948f589995cc,Remera,Nyarugenge,25.14,light,78.4,77.78,-0.62
a6a7d025-031d-478f-88f3-02898b8b970c,Nyarugenge,Kacyiru,16.56,light,37.4,41.51,4.11
c7e3a704-19e2-40b4-9194-3db4b941c6ae,Kacyiru,Nyarugenge,9.98,heavy,29.5,34.18,4.68
6155ee5a-8059-4515-aca6-4e1bd8c6e73e,Kacyiru,Kicukiro,24.36,moderate,61.18,61.83,0.65
94e85fd9-1fec-4a7a-9e13-ce028492b560,Gikondo,Nyamirambo,10.98,moderate,41.82,41.12,-0.7
94ea5b46-2e5b-4952-89a3-1edc5c9a7c8e,Gikondo,Nyamirambo,3.16,heavy,8.63,9.56,0.93
2ce099e3-2951-4a6d-a2ce-4352b0bdc875,Nyarugenge,Kimironko,18.67,light,48.04,44.86,-3.18
ce58a116-6478-4f8f-ae8c-87b96d033430,Kacyiru,Kicukiro,12.9,light,32.92,31.32,-1.6
8036854e-b69a-4179-abed-bd7396561493,Kicukiro,Remera,12.8,moderate,32.24,32.06,-0.18
e1ab338f-b376-4490-9c97-ed035c42e5b8,Gikondo,Kimironko,19.55,moderate,46.99,48.69,1.7
13f6e661-5f29-4af3-9ad6-2849b47f5c0a,Gikondo,Nyarugenge,20.48,moderate,73.1,70.96,-2.14
488fe9fd-a522-416e-aeb9-a13958bc70f9,Remera,Kacyiru,22.31,heavy,70.85,75.19,4.34
861d0ac2-cd0f-47e2-88ca-fb115c9b5b0f,Gikondo,Kicukiro,2.42,heavy,13.79,15.39,1.6
4589034a-6902-43f9-a873-70b6d465e79b,Nyarugenge,Kimironko,13.78,heavy,49.92,48.54,-1.38
c0551793-b646-410c-9130-cbe029419a1b,Nyamirambo,Gikondo,25.24,light,57.09,59.36,2.27
8c3d1828-e854-44ba-8847-815b6ea2137c,Remera,Kimironko,13.35,light,29.36,32.01,2.65
e74565a4-1665-4238-a92f-509d1d344c19,Remera,Gikondo,15.72,heavy,59.7,64.83,5.13
774be7fb-f427-4cc9-9f06-349323200e86,Kacyiru,Nyarugenge,9.11,heavy,31.33,30.39,-0.94
12f1ace6-8aaa-4d16-b9ba-3f196026f594,Kimironko,Gisozi,24.78,moderate,60.44,62.46,2.02
13bcefa6-bf3a-40fe-ae7c-6c84f7ee7210,Kacyiru,Kimironko,27.28,light,72.58,79.9,7.32
d4d69eee-057b-4bf5-9d1a-d7c9acc4d2f4,Remera,Gikondo,5.76,light,20.44,20.2,-0.24
07ca086b-123c-4d5d-a21c-30bb4ca65592,Gisozi,Kimironko,14.06,gridlock,86.97,78.03,-8.94
ac5baeb3-e514-4a6a-88a4-804a0a7aec59,Nyamirambo,Kacyiru,12.93,light,30.33,32.01,1.68
910e400a-3793-462e-88cb-f9a6df085fe1,Nyarugenge,Nyamirambo,20.64,light,39.31,40.5,1.19
5cfc4ac4-acba-44bb-b753-19d616d3f6d3,Nyamirambo,Gikondo,19.59,moderate,58.49,55.96,-2.53
6875231f-f1ae-4ea9-a918-bf389cddd6d1,Kimironko,Nyamirambo,10.2,light,25.08,25.69,0.61
25600986-b879-49b1-bb61-fc8cb85f46d2,Remera,Gisozi,2.77,moderate,9.13,7.71,-1.42
4fe9e92e-f940-4ff2-a887-1a6c173f3ee7,Nyamirambo,Kimironko,15.47,moderate,48.04,47.25,-0.79
bf10e9bf-beea-4eca-b1b8-34f74a2e5dcc,Nyamirambo,Kimironko,4.81,moderate,12.18,12.98,0.8
637cb093-9942-4af7-be84-e535a3586ad8,Gikondo,Kacyiru,21.76,moderate,63.91,62.99,-0.92
14162ebe-92b7-49fb-aafc-4192e3faa104,Gisozi,Remera,20.07,heavy,76.09,74.85,-1.24
6535a8c1-1530-406e-bd35-311c168e3e23,Gikondo,Remera,21.56,light,54.83,53.82,-1.01
ed77f876-fd04-4aa3-995f-9578607bae2e,Nyarugenge,Kimironko,4.64,moderate,8.73,12.11,3.38
ac9337d8-5e38-4c5d-ab2e-f9ea42dbc128,Remera,Nyarugenge,9.86,light,23.17,24.92,1.75
cc139c9b-6a3f-4ff3-a3cf-5e09d6e1e663,Remera,Kicukiro,6.25,moderate,19.4,21.73,2.33
877e097c-2ee8-4290-9d32-b80cd7af3ab0,Gisozi,Kacyiru,28.0,heavy,109.42,105.09,-4.33
12fd2cd9-eff2-4cad-9617-992ac5bb4043,Gisozi,Nyamirambo,22.51,heavy,72.62,73.96,1.34
0bbc39a1-3eb6-4004-af30-7ae5a7fa7767,Kicukiro,Gikondo,19.46,heavy,73.14,74.57,1.43
b5a03f16-0dbb-42b8-88dd-c1a749c06755,Kicukiro,Gisozi,5.3,heavy,17.95,13.84,-4.11
4719078d-ad4d-4d11-9989-b74602dc0bf1,Nyamirambo,Nyarugenge,18.38,heavy,61.06,57.01,-4.05
489ffc0b-9ded-4d44-8813-c3ed791741a2,Gikondo,Kacyiru,24.19,moderate,63.41,61.02,-2.39
91b95741-72c6-4e47-8055-8e6ae3189c95,Remera,Gikondo,22.47,moderate,67.23,67.45,0.22
bb9e7143-ef5b-4247-a96d-5ab9758064b2,Kimironko,Nyarugenge,15.77,light,49.98,50.82,0.84
c7080fc6-968e-46b4-b6d2-3a61fd00f170,Kicukiro,Remera,13.06,light,37.4,37.46,0.06
beb6a2ca-2fc0-45b0-9481-649fd31366e4,Kacyiru,Gikondo,27.75,light,57.75,56.17,-1.58
43fa8555-e277-4275-ac5a-92ef234ee67a,Kimironko,Nyamirambo,13.42,moderate,33.24,32.5,-0.74
93db675c-a27a-4274-8597-899e021bf87d,Kicukiro,Nyamirambo,5.07,light,10.11,10.91,0.8
921b602b-ec72-4d46-9a28-200456798e81,Kacyiru,Gikondo,6.79,moderate,19.01,18.84,-0.17
30bb4ed9-2128-422c-aaaa-fbf5e1a0547a,Nyamirambo,Gisozi,18.39,light,37.89,33.72,-4.17
ec60fbe0-539b-4f94-a5ab-b80400e3f180,Kimironko,Remera,8.24,gridlock,42.64,42.33,-0.31
1f4c7105-ab51-43c7-bb4b-6b79e7a0d902,Nyarugenge,Nyamirambo,24.65,light,58.58,58.73,0.15
592e4b28-f171-4c30-b1f6-a82e60d1310f,Nyamirambo,Kicukiro,13.89,heavy,43.84,39.84,-4.0
24f258fe-d89c-4472-a023-40af1cd376ed,Kimironko,Kacyiru,17.06,light,42.56,40.56,-2.0
81f5fd82-9483-437b-bd9f-15cac100b668,Remera,Kimironko,18.66,moderate,54.5,56.63,2.13
54c2a743-1cea-4f51-8535-373257166da9,Remera,Kicukiro,21.63,light,51.91,52.6,0.69
1ac444ab-96e5-41f2-af11-f0521fc5a546,Gikondo,Kicukiro,21.55,gridlock,99.75,108.39,8.64
5509d202-e7a2-403c-872b-c5b2fb96ce9d,Remera,Gisozi,15.43,moderate,33.67,38.96,5.29
a6e7ed74-2ef7-4ff2-bd25-65ec00464fc3,Gisozi,Nyamirambo,13.6,heavy,56.74,55.92,-0.82
2bf99874-ea09-4581-8c37-ac7027180145,Kacyiru,Remera,6.04,light,12.22,12.47,0.25
1efc794e-3625-4d07-98fb-b073bc06e258,Nyarugenge,Kimironko,27.75,gridlock,163.7,163.4,-0.3
7961c44c-b899-4059-86fa-baef79f1e41f,Kacyiru,Gisozi,16.57,moderate,47.2,48.74,1.54
c643b804-7d96-4b9f-8374-017518dd5052,Kimironko,Nyamirambo,4.15,light,14.17,14.98,0.81
33c9a696-7855-4066-9f1e-4f61f440a1a2,Gikondo,Kicukiro,20.79,light,43.65,40.5,-3.15
295f8b31-b09d-4249-acaa-d61a8418a31f,Kicukiro,Nyarugenge,18.19,heavy,67.91,66.92,-0.99
11d0e8a6-22c8-4f99-8341-03a685fd728d,Nyarugenge,Nyamirambo,14.08,light,32.47,32.05,-0.42
06b0bfb8-9930-4bf5-98d0-19173144a142,Kicukiro,Nyamirambo,26.99,moderate,110.06,106.31,-3.75
bdd28425-1c31-4d25-beb6-222987a9ef98,Remera,Gikondo,9.25,gridlock,39.38,38.92,-0.46
4a06e585-75ba-4c4e-a178-df1c3b9e7fc6,Nyamirambo,Nyarugenge,1.65,heavy,3.54,8.78,5.24
6b7ecb1c-22f4-49a9-817d-0e45e99f384c,Kimironko,Nyamirambo,1.3,light,3.19,2.85,-0.34
d1714a03-5046-47bc-a199-5d6ef04302bf,Kicukiro,Gikondo,3.86,moderate,12.37,11.96,-0.41
af234213-e343-4092-8f28-eb6631b2d8db,Gikondo,Nyarugenge,12.6,gridlock,77.06,77.36,0.3
d4be1db0-f294-437e-9916-15565202c8ce,Gisozi,Remera,1.81,gridlock,11.21,8.33,-2.88
51026fd4-4c3a-493a-96b5-962c89c7a9c0,Kacyiru,Nyamirambo,12.62,light,26.61,26.33,-0.28
446aec98-a92a-4fa4-a09c-9ee67ff60f2e,Kacyiru,Kimironko,1.21,moderate,2.72,3.99,1.27
561dee8a-6b59-4ec3-8ec1-4afb4054897c,Gisozi,Kimironko,19.82,heavy,65.81,64.16,-1.65
0753f2ad-dbe6-4704-b3e1-0d1f116d3ccb,Kicukiro,Nyamirambo,26.01,moderate,90.98,90.69,-0.29
a7788d51-7759-4202-9282-cce96f8f088e,Remera,Gikondo,18.64,light,45.39,44.67,-0.72
857e617d-f678-4cae-b501-c91c553a5862,Gikondo,Kicukiro,23.33,light,47.59,46.06,-1.53
534ca49b-6b55-4730-9774-d817126cd665,Remera,Gikondo,10.6,heavy,35.66,35.27,-0.39
dab46b02-b123-413f-b996-0cd5b9eadacc,Kacyiru,Kimironko,16.73,heavy,51.87,56.14,4.27
4507aa2f-2a40-45f2-bad8-81eda095c0dc,Kacyiru,Nyarugenge,8.75,heavy,44.77,43.96,-0.81
3acab77a-c0e2-43bc-8776-e1db25a7fca9,Kacyiru,Nyarugenge,16.95,moderate,43.01,42.22,-0.79
4246c278-e4fa-41a2-943e-3241aa76f252,Kicukiro,Remera,16.72,heavy,54.32,56.14,1.82
a36750fb-b34a-453a-87fd-a0b184251bdc,Gikondo,Kicukiro,13.38,light,26.88,28.51,1.63
99aeaa0a-8313-4d8c-90c2-d8787e3f838a,Kicukiro,Remera,14.82,light,32.96,34.76,1.8
a8010a4d-bc15-4163-8d1c-5eda10a2fffe,Gisozi,Remera,24.63,moderate,59.25,61.51,2.26
cdf22436-6c8e-472b-8f94-74a9e2f53d99,Gikondo,Kacyiru,13.34,light,27.21,31.32,4.11
b3ffa587-4f76-4fe5-a09a-d76dc205cebb,Nyamirambo,Gikondo,3.05,moderate,10.45,6.52,-3.93
0503c0ce-5036-46b0-89c2-279ada37f78d,Kimironko,Nyamirambo,14.88,moderate,38.36,37.28,-1.08
ec82df99-8647-4dfa-b438-06e62e80b6a9,Kacyiru,Kicukiro,12.26,heavy,36.73,36.53,-0.2
4f00c12d-21a1-49a5-829f-92d84f3ba490,Nyamirambo,Gisozi,9.55,heavy,36.22,39.9,3.68
548e1e82-584c-495a-97bb-1cf3a576ad64,Kimironko,Kicukiro,26.55,moderate,64.5,66.9,2.4
64e59fd5-6d00-41d4-a01f-8f4cb3e6916f,Nyarugenge,Remera,6.87,moderate,16.86,17.95,1.09
8bcd4bdd-60ff-4378-bc9f-712211b99c2b,Gikondo,Nyarugenge,2.14,heavy,8.95,8.68,-0.27
f61ee44b-7bd6-43c7-82fc-0546cebfe1e9,Kacyiru,Nyarugenge,5.61,light,14.54,14.08,-0.46
dc8359fb-e752-4f1f-a3a3-03190547c069,Kimironko,Kicukiro,23.95,light,57.67,58.47,0.8
60f455c1-00ad-43b7-b8b6-2c073f4e018c,Kimironko,Gisozi,4.92,light,11.53,15.47,3.94
113cc108-8a25-4137-8abf-cd3242a16b9d,Gikondo,Remera,4.27,heavy,12.87,15.69,2.82
f1685e84-10fc-4073-99e9-4b2b32386a57,Nyarugenge,Kimironko,25.54,moderate,76.59,76.94,0.35
14e5ae48-cff0-4cf5-a3ee-3bc370e1a740,Kacyiru,Remera,22.19,light,54.4,54.39,-0.01
587265dc-2bcc-4cbb-a530-e4c1c6ec91ae,Nyarugenge,Gisozi,22.52,light,52.59,54.39,1.8
11b3fd12-fdd6-4f28-b4e9-96f911fdffc5,Nyamirambo,Gisozi,9.72,moderate,29.23,28.75,-0.48
7d97daa3-1f49-40d7-a3ac-c9ef60125625,Kicukiro,Remera,10.19,moderate,36.23,35.99,-0.24
e8128ab5-5342-4931-8cd8-b86e648d2f8f,Nyarugenge,Nyamirambo,18.64,heavy,84.81,79.18,-5.63
e7f24e5f-10b3-4596-81ae-94ede71a0f1d,Kicukiro,Kimironko,16.07,moderate,39.94,41.66,1.72
1a58176d-a952-4abd-8e46-36689282df29,Gisozi,Nyarugenge,24.68,moderate,75.64,73.12,-2.52
398a7314-ee7e-4657-8e9f-c8aacadd7178,Gikondo,Kacyiru,4.03,moderate,12.86,14.76,1.9
57097542-aa63-4c5f-b332-de05d0a56abb,Kicukiro,Gisozi,9.17,moderate,23.69,22.7,-0.99
0b50d121-b165-453f-840c-990a26be9ec1,Kimironko,Nyamirambo,7.44,light,16.6,16.5,-0.1
3bd88b25-ee34-452b-a181-af6b0dbc98ef,Kacyiru,Kimironko,23.47,light,69.69,66.48,-3.21
15d9cd77-f2f9-4265-b16b-eb7eeb83972a,Remera,Nyamirambo,15.12,heavy,48.66,54.22,5.56
53765803-96b2-4234-a3e3-1d0175334a13,Gisozi,Kicukiro,3.99,moderate,11.71,11.96,0.25
fa7b4618-626e-4a11-aa93-2bc0e8803c2f,Kacyiru,Nyarugenge,12.72,heavy,41.73,38.33,-3.4
05b525be-97fd-46ae-af97-0b735c5b1ff4,Gisozi,Nyamirambo,3.28,gridlock,21.57,16.03,-5.54
6c42091d-1a29-4449-bebe-df7f0f3e2137,Gisozi,Gikondo,3.83,moderate,15.54,15.6,0.06
c1d3b30d-8c21-4acd-ab02-6ce51d8c0b39,Gisozi,Nyarugenge,12.03,gridlock,59.94,68.77,8.83
0ee665b0-0bbf-41e9-b1b9-e6f0e49d6a79,Gikondo,Gisozi,18.75,moderate,47.74,46.66,-1.08
3bcba59a-5220-4805-abb8-3e362179ea09,Gisozi,Kimironko,5.53,gridlock,23.75,25.42,1.67
a4ad80d0-2f66-4f07-99c0-2785e25a0aae,Gisozi,Nyamirambo,13.25,moderate,35.32,30.6,-4.72
35411c5f-2c87-481e-a7af-0a3ed94c459b,Remera,Kimironko,12.62,heavy,65.26,61.68,-3.58
4cfc163b-16c6-4968-bf55-554b14a0ba05,Gisozi,Remera,23.01,heavy,115.47,116.46,0.99
b210d889-366b-4a8a-81bd-66d78839c62b,Kimironko,Kicukiro,3.75,heavy,10.9,8.27,-2.63
10dc5175-6e78-40ff-9e6d-d5c8848c884a,Gisozi,Kacyiru,25.96,heavy,96.67,97.99,1.32
3c7b4a77-8509-4cbf-83c6-32f2d83d288f,Nyarugenge,Kimironko,24.19,light,58.35,58.47,0.12
c3009fd4-9a69-4736-9377-4bfed1e58264,Gikondo,Kicukiro,15.11,moderate,36.9,36.79,-0.11
bbeceb12-3fe8-4152-bbc5-fff22de4a713,Nyamirambo,Gisozi,26.32,moderate,83.02,80.96,-2.06
c2215c70-1234-40e5-88b8-059858ca64df,Nyarugenge,Gisozi,1.15,moderate,3.82,8.6,4.78
c5867167-ac49-44b8-a5e0-a1376b70e955,Remera,Nyamirambo,5.28,light,8.24,10.91,2.67
6588b269-fe42-46a6-9a30-3ecd6a6c0e35,Remera,Gisozi,18.74,moderate,58.81,56.63,-2.18
0b59678a-24e7-4a43-b250-ec1fc4cb3cf0,Gikondo,Kacyiru,3.37,moderate,7.9,7.35,-0.55
01847343-6593-4ff5-9fcc-98b04ff2abb6,Kicukiro,Gisozi,14.22,heavy,53.15,60.8,7.65
b39bec4b-bfdb-445a-880a-cd627a9d9c94,Nyarugenge,Kicukiro,19.29,heavy,62.0,60.21,-1.79
52e453f5-b9c0-4025-8ea1-2d6208d669a2,Nyarugenge,Kicukiro,23.73,heavy,80.55,81.98,1.43
c9b61c59-4b9f-4178-88fe-afc64bef696e,Kimironko,Kacyiru,22.55,gridlock,120.88,112.0,-8.88
4797fcb2-884a-4e6f-b243-a1d38452edef,Nyamirambo,Remera,14.08,moderate,53.64,46.53,-7.11
e8c2e350-d77e-40fa-bd5c-246d7cea7bfb,Nyarugenge,Gisozi,2.97,light,7.24,5.56,-1.68
d5d5c4b5-e317-4f8a-86de-d21d9b2faeab,Kimironko,Kacyiru,15.55,heavy,51.9,53.22,1.32
d4097421-dd48-445e-b75b-dbb7877cf63f,Kicukiro,Remera,26.93,light,55.19,55.14,-0.05
c0c4f2af-c6aa-4108-9165-bd59a9e7660d,Nyarugenge,Gikondo,7.74,heavy,32.96,36.31,3.35
c8108c94-ea0d-495b-a137-63237cba1169,Nyarugenge,Gisozi,6.2,light,13.94,12.47,-1.47
7cbdeb18-d8ad-457a-9558-dd1f5a5c4502,Nyarugenge,Kacyiru,14.01,light,27.96,27.11,-0.85
ef70d7c8-2765-4acd-90c7-fa493278502d,Gisozi,Nyamirambo,4.15,moderate,10.32,14.49,4.17
238f54c1-685d-48b9-a3ec-4b15e2d45782,Remera,Kacyiru,24.76,light,59.36,60.81,1.45
1ff8c5a6-2ffe-426f-8c28-69bc5770cea4,Nyarugenge,Kacyiru,5.24,light,11.42,8.49,-2.93
218061df-ea2f-443e-be71-b048be416168,Kacyiru,Gisozi,1.92,heavy,5.67,4.17,-1.5
28418687-9fb8-4b85-a725-f83cb32e43f1,Gisozi,Kacyiru,19.15,heavy,69.93,71.13,1.2
0b22f9c2-e300-4d31-af21-5af8db0e41b7,Nyamirambo,Remera,16.35,heavy,62.04,65.98,3.94
dea28968-3cc0-4899-863b-db73102c74ac,Kimironko,Gisozi,23.01,moderate,80.31,80.38,0.07
f896a3d7-5981-42dd-a239-b0b548eb254b,Kacyiru,Nyamirambo,20.2,heavy,63.81,66.34,2.53
d6f38eb9-3936-41f6-b3b2-fe6a83c3a09c,Kicukiro,Nyarugenge,8.54,heavy,39.7,37.88,-1.82
06aa299a-aa03-49ac-8fe0-384a779d6002,Kacyiru,Nyarugenge,25.75,light,53.78,53.13,-0.65
a932847c-ba00-4fc7-8dfb-4a6a010f6c22,Kicukiro,Gisozi,16.79,moderate,44.82,40.54,-4.28
3a324e8c-f34c-4d9c-b705-ea85fdd4fd4b,Gisozi,Kimironko,22.59,light,57.26,53.7,-3.56
ccd12839-5c5c-4e75-8075-dd2b77d7b949,Gisozi,Kacyiru,15.88,light,32.84,29.52,-3.32
4d7fee19-5ee8-456d-bb68-88af6cee370b,Nyamirambo,Kimironko,18.16,moderate,54.02,53.26,-0.76
bec4dafe-83b2-47c5-a2b6-b6efe1b67fca,Kimironko,Kicukiro,16.65,heavy,54.17,56.14,1.97
3bb32c49-717d-4e09-935a-3dbe36f5148a,Nyarugenge,Kacyiru,6.75,light,16.97,11.92,-5.05
82136983-f99a-406d-ae68-0e26afa644cf,Gikondo,Kacyiru,21.32,heavy,68.3,69.87,1.57
b03729bc-a162-499f-8609-41f48a63e1e2,Kimironko,Nyamirambo,27.37,gridlock,146.65,138.23,-8.42
bd2e06ce-4362-4861-bd4d-f34c3a46b1f6,Kicukiro,Remera,25.87,heavy,137.91,126.9,-11.01
ab4eb06b-5a5c-4e3f-9a5b-268318bcfae5,Gikondo,Kicukiro,16.22,heavy,50.35,56.14,5.79
168863ed-1c15-432e-af87-a57b111b6086,Nyamirambo,Kimironko,3.74,light,4.75,8.06,3.31
5339f82f-9d7c-4df1-a56e-79ba08c5754b,Nyarugenge,Kicukiro,24.1,heavy,73.23,80.44,7.21
2eef124d-f19e-4ff2-873c-846652ecb323,Gikondo,Remera,19.45,light,38.61,39.27,0.66
8a91a583-b6ac-4a9a-9fe3-6a23c70534e1,Kacyiru,Nyamirambo,6.02,moderate,14.21,18.63,4.42
5affc695-327f-42ad-a245-6962dfc91ac7,Kimironko,Gikondo,21.8,light,53.43,52.31,-1.12
d5bb7a6d-336f-42b9-b443-1bab7c1e948c,Kacyiru,Gisozi,2.55,moderate,9.47,4.85,-4.62
fac2a696-b08f-4194-a03e-e991c3a89416,Remera,Nyamirambo,6.41,light,9.62,12.78,3.16
a72e513a-4b4e-4d68-a8e6-01ae9b46d732,Kacyiru,Kicukiro,16.79,moderate,42.45,40.54,-1.91
5b1d42f9-a127-4912-8a3f-034e826c4c5a,Kacyiru,Remera,18.59,light,54.19,51.76,-2.43
56a60697-beb3-4564-ba7b-6406ad903c2d,Nyamirambo,Nyarugenge,18.33,moderate,53.66,53.57,-0.09
8225fdc6-f7cd-456b-b3e4-26826a2ec7e8,Kacyiru,Gisozi,5.91,heavy,29.19,30.19,1.0
b17838d7-2e71-4daf-a593-53d77e0c0b58,Gikondo,Remera,20.23,heavy,68.47,70.63,2.16
1e26598a-d673-41c1-b692-033af48b648b,Kicukiro,Kacyiru,21.75,light,51.26,52.6,1.34
c227b247-5486-44cd-91bb-1b236fe23fd7,Gisozi,Kicukiro,18.85,moderate,47.46,47.91,0.45
59e5717b-821d-49b5-9b29-910dc3ec5be4,Remera,Nyamirambo,26.89,moderate,76.95,78.44,1.49
fabfa65b-203d-4109-94af-919a3655cd14,Nyarugenge,Kacyiru,25.28,heavy,96.08,97.99,1.91
0dbcae75-2cb6-4b9b-9692-1c8c8be61251,Nyamirambo,Kicukiro,10.93,heavy,41.95,44.23,2.28
3346d2ae-3a99-4d72-b87d-e03374862b95,Kicukiro,Kimironko,15.75,heavy,59.27,61.24,1.97
4bb4d760-a9b3-4e0d-8c15-1b551f200751,Kacyiru,Kimironko,22.17,light,52.91,52.42,-0.49
6a3439da-1acd-427a-987f-5cb6074b153b,Kimironko,Kicukiro,6.37,gridlock,34.3,32.92,-1.38
67fd9070-18fd-42eb-b132-2d360de55047,Remera,Gikondo,10.83,light,20.36,20.69,0.33
98e5c96d-101d-4186-94e8-0b7f5249d634,Nyarugenge,Remera,13.86,heavy,50.18,48.54,-1.64
02ad76a4-8d50-4265-8373-d7407d2bea22,Gikondo,Kimironko,20.96,light,63.44,62.22,-1.22
16d21203-ece8-4907-bb5b-ee565bc2fc8a,Nyarugenge,Kimironko,9.36,heavy,36.03,39.2,3.17
e2967cc3-1455-459f-8f25-c0a03cc94cff,Gisozi,Kacyiru,21.76,heavy,81.96,83.91,1.95
78de2dd2-9fd1-4a18-b274-adce7a59d9f3,Kimironko,Kicukiro,17.82,heavy,57.51,57.01,-0.5
948153a5-a464-4eda-a108-8af5face1c9c,Nyarugenge,Kacyiru,25.68,moderate,63.42,64.24,0.82
4c069b76-baf9-430c-982f-e0fb05aaab96,Kicukiro,Kimironko,9.53,moderate,24.34,24.04,-0.3
a0b4d4fb-4c23-478f-b227-76a149d491cc,Gisozi,Kimironko,20.49,moderate,50.47,50.86,0.39
1e8356b1-ad43-4d11-883d-09cfcca835f5,Nyamirambo,Remera,20.08,moderate,72.45,68.12,-4.33
0dba6374-39a1-4f95-b74f-59c13d6d0880,Kacyiru,Remera,14.66,moderate,39.7,46.17,6.47
833a9f95-3d46-4e0f-ac20-3c39b90928bf,Gikondo,Kimironko,6.68,moderate,19.99,17.95,-2.04
ad27c75d-f68e-4487-91e3-acb8f421388e,Gikondo,Kimironko,18.34,light,35.69,35.55,-0.14
13aa5880-39e5-43ca-a642-4b5f12f48cc5,Nyamirambo,Gikondo,21.93,moderate,63.51,65.18,1.67
fa06607f-61a8-4c6a-89c5-56c091bf0c92,Kacyiru,Kicukiro,11.74,light,22.95,22.57,-0.38
91439725-4617-41b9-b1cf-314e97bdcdca,Gisozi,Kacyiru,3.54,gridlock,15.58,7.83,-7.75
23480e88-a3a3-46cc-94ab-24b54d4effa1,Kimironko,Nyarugenge,9.5,moderate,23.73,30.04,6.31
7902fa2a-4ac4-451d-b460-41257c8c67ae,Nyamirambo,Nyarugenge,22.25,heavy,83.67,85.84,2.17
6d08aa1d-3530-4b27-a9ab-6e6a6beececc,Remera,Gikondo,6.19,heavy,18.91,18.14,-0.77
ad6d9caf-cd98-46c1-b431-c9a1dc3fea65,Kicukiro,Nyarugenge,21.17,moderate,65.19,62.99,-2.2
107ecf15-b1c4-4963-8354-e78093470b25,Nyamirambo,Remera,13.11,heavy,41.38,40.9,-0.48
22b0a23b-a3c0-45e8-9636-e353bb0744df,Kimironko,Kacyiru,25.21,light,60.48,59.31,-1.17
bbd478a5-c264-42e7-82b6-fb409ed63855,Kacyiru,Gisozi,16.82,moderate,60.07,60.07,0.0
4fe6f9e3-6a53-4914-a95e-e640b1094647,Nyamirambo,Gikondo,12.91,heavy,49.85,47.91,-1.94
270a4bae-b422-4ce1-8669-b73f79d3cbd3,Nyamirambo,Nyarugenge,18.09,light,41.74,45.09,3.35
796a7db5-7e29-4f67-ade6-a4a99a1f58ea,Gisozi,Nyamirambo,7.98,gridlock,37.57,37.3,-0.27
25d25dd8-71eb-4b88-a5a3-f8f8e45aa4e8,Kacyiru,Kimironko,27.02,moderate,108.93,106.31,-2.62
4e7d1aba-3f74-42ba-814e-139550ab4e58,Kicukiro,Gisozi,26.11,moderate,77.31,76.94,-0.37
d74f76a7-6c74-41af-83ec-e075a0a3a0a4,Remera,Kicukiro,17.35,light,44.21,46.45,2.24
fbd92da6-c8e0-4543-b511-ddcf692cc7db,Nyarugenge,Kacyiru,23.18,heavy,88.59,89.42,0.83
ffd65b2e-47c3-45c4-bdb6-82569fb73797,Remera,Kacyiru,21.08,moderate,61.97,64.92,2.95
e6ad09f5-1924-4112-980d-5c334670cee6,Kimironko,Gisozi,4.24,moderate,7.76,12.98,5.22
f8e9c96a-34ca-474e-9bed-99c0fb6a21dc,Kicukiro,Gikondo,15.06,moderate,46.1,47.83,1.73
2b44bdeb-43bd-4a29-af73-e07e2788b3ed,Nyamirambo,Kicukiro,27.09,heavy,89.34,88.98,-0.36
94cfa342-7b1f-4d49-a85c-d7e8a9b1f0d4,Kicukiro,Nyamirambo,2.43,light,5.29,7.56,2.27
d7b1f844-0adb-440e-b648-f847d6e18804,Kimironko,Nyamirambo,6.54,heavy,26.06,24.47,-1.59
9cf32b82-a113-46ab-9282-223f224925d4,Kicukiro,Kimironko,3.93,gridlock,21.55,16.03,-5.52
8d244ea9-e432-4d13-a641-5c148e76f485,Nyarugenge,Kimironko,17.53,moderate,45.42,42.22,-3.2
a1594988-f849-4dd0-ad6c-70d9411d43e7,Remera,Kicukiro,19.75,light,45.17,46.17,1.0
12642327-2a01-4ec3-8ebc-72641b3c8236,Kacyiru,Kimironko,27.95,gridlock,166.46,163.65,-2.81
3048886b-8d02-488c-a4d7-2c5390eb79d9,Remera,Gikondo,12.51,moderate,35.95,36.16,0.21
41a63d9c-491b-471d-bc91-05cfb2d66a8b,Nyarugenge,Kicukiro,21.99,heavy,82.25,87.25,5.0
ed51457f-7d4e-4daa-880e-4e18b70c2c96,Nyarugenge,Gikondo,24.32,light,50.76,48.29,-2.47
fec9b211-bd4b-4a4f-919d-2fdbc044bbeb,Kimironko,Kicukiro,15.35,light,37.56,37.81,0.25
f2788871-3b9b-4950-8c62-194798dd22d1,Gikondo,Kimironko,18.65,moderate,76.38,75.17,-1.21
527e99b9-4acc-4564-95bc-e4a28ab1f927,Kacyiru,Kimironko,21.7,moderate,88.8,86.57,-2.23
6832c5ab-d308-48f5-96b6-a42fdae07abd,Nyarugenge,Nyamirambo,9.48,light,20.1,24.92,4.82
e7558ac8-dcab-44d6-91a2-bdedd77f1c1a,Remera,Kacyiru,14.52,moderate,46.87,50.46,3.59
7c65ecaf-c0f4-4d5f-831a-98f9bcd6ab56,Nyarugenge,Kacyiru,3.64,moderate,11.01,7.35,-3.66
ab5575ab-85ff-4787-8d54-f9dfa4cef119,Gisozi,Remera,13.79,moderate,40.21,39.49,-0.72
65516378-eee4-4bbf-b53d-70150a10de2b,Gisozi,Kimironko,5.97,light,11.91,12.47,0.56
f6ae6ad7-1505-49a5-98a5-1507620afe11,Gikondo,Kicukiro,11.62,moderate,32.61,33.88,1.27
f89c3ff4-046f-491d-9aa0-24b0743519d8,Remera,Kicukiro,9.53,light,22.18,24.92,2.74
bf19f9b2-df9b-4996-9fb9-9cb500b74fc4,Kacyiru,Kicukiro,25.02,heavy,96.39,96.58,0.19
9784087f-279f-4ed8-841e-ce0b45cfcdfd,Kacyiru,Nyamirambo,13.93,gridlock,60.77,61.9,1.13
790e453a-4931-4ea8-ac2f-c545e1bdd84c,Remera,Nyamirambo,13.73,light,28.88,28.51,-0.37
896a1345-b5da-45e0-871a-05e96be25aca,Kimironko,Kicukiro,7.95,heavy,23.97,27.65,3.68
63a8b981-a7a5-4596-8714-fe8e2aa7512e,Nyamirambo,Gisozi,24.22,light,59.95,58.47,-1.48
8ff7b0b2-c6f9-4c6f-8219-7c96a523000f,Gikondo,Nyarugenge,27.48,moderate,81.83,82.11,0.28
9e260064-13ed-444d-92f1-4f07b919e183,Kacyiru,Kicukiro,24.12,heavy,77.08,80.44,3.36
762ac218-1064-41a8-a9d6-ee339f7d0ac9,Kacyiru,Kicukiro,7.91,gridlock,34.73,37.3,2.57
063cd081-36d5-4e0a-a7ad-44be053f720e,Kimironko,Gikondo,18.12,light,43.61,42.49,-1.12
eff947cd-b37e-43cd-b9d2-5cb307f02276,Gisozi,Gikondo,9.71,heavy,34.45,34.78,0.33
626b8e26-1aab-4815-9ab5-05798115a56e,Nyarugenge,Kacyiru,20.32,heavy,77.59,76.74,-0.85
ba01d439-22ae-49fd-a613-c556fe337411,Gikondo,Kacyiru,14.35,moderate,38.38,36.39,-1.99
59fa5f35-d67c-46ac-b884-bae2b4159305,Gikondo,Kacyiru,27.5,light,65.25,66.24,0.99
1bfd2240-124e-4dd6-94ec-8ee58e51a715,Nyarugenge,Kimironko,18.52,light,43.86,42.68,-1.18
54ccf1d7-08f1-4163-b1d5-fcb524b04e23,Kacyiru,Nyarugenge,3.84,moderate,13.93,11.96,-1.97
47545449-820d-416b-884d-8499829b6c08,Gisozi,Nyarugenge,11.08,heavy,34.18,35.27,1.09
f20c59f9-067c-42ae-915e-59134b84ce4e,Kacyiru,Kimironko,14.67,light,29.26,28.27,-0.99
3ade99c7-f2ba-4ffb-a940-a11355278178,Nyamirambo,Kicukiro,16.4,gridlock,69.42,72.06,2.64
6e32f23a-39d2-4df7-b2b3-792b32f0f503,Nyarugenge,Kacyiru,1.15,heavy,3.52,4.66,1.14
7b72e7d5-ba09-49d2-a77f-982667873bca,Nyamirambo,Gisozi,2.94,moderate,6.5,4.85,-1.65
f8d5a95c-648e-4bff-94b0-5562a5a51f9e,Remera,Kicukiro,24.19,light,55.63,55.66,0.03
51ebfd7b-f1bb-4999-92fa-1dfbe687c487,Nyarugenge,Kicukiro,12.1,heavy,43.63,42.96,-0.67
f73ea372-bcf9-4b82-a863-57a39e962f01,Kacyiru,Remera,25.48,moderate,66.8,64.3,-2.5
d766be52-9c84-470b-a862-0795aea46385,Gikondo,Nyamirambo,26.02,light,63.25,63.31,0.06
0df951e2-d058-4e03-86ff-ad35c34f802f,Kicukiro,Nyarugenge,24.18,moderate,94.97,93.18,-1.79
4650dbb0-18a2-41a2-b0b9-2b67b1f32996,Kacyiru,Nyamirambo,11.09,moderate,36.79,39.04,2.25
e96071dd-22c8-4608-afa6-ef0de0546fbe,Nyamirambo,Kimironko,21.81,light,45.98,42.78,-3.2
1ff61e22-7f61-4dc8-87c1-28b6db41f683,Nyamirambo,Remera,11.56,moderate,37.77,41.12,3.35
4a205750-22d6-41e1-8142-940480b5182e,Nyamirambo,Gisozi,23.15,moderate,69.7,70.2,0.5
6f34f6bc-af2e-4307-b30c-4234eeee7d76,Nyarugenge,Kacyiru,7.71,moderate,26.97,29.34,2.37
5d9476d3-d86d-4c09-8473-b289084ce8a2,Gisozi,Kicukiro,16.12,gridlock,84.09,78.7,-5.39
db5842a5-7344-4993-ba37-1185e4cb1ec2,Kicukiro,Kimironko,3.19,heavy,14.44,15.39,0.95
3fa62652-6e4d-4a61-80c1-4e46baf1c44d,Gikondo,Kicukiro,24.24,heavy,77.41,80.29,2.88
94835400-9f07-4cb1-84b2-1457ab2444bb,Kicukiro,Nyarugenge,6.61,heavy,26.3,24.58,-1.72
f72a5b8f-2cbd-47b7-9e2e-3a5f3987e258,Gisozi,Kacyiru,19.23,moderate,47.87,48.34,0.47
2690b723-c300-440d-ae72-6a4305778721,Kicukiro,Kimironko,25.69,gridlock,112.99,113.01,0.02
2df05e2d-f064-47fd-96ea-c0a6865cbbb3,Nyamirambo,Kicukiro,17.97,moderate,43.91,43.45,-0.46
94253d2d-6129-48d1-9c95-584757346e48,Gisozi,Kicukiro,7.83,heavy,23.01,27.45,4.44
fb5f4289-c975-4400-88a1-40c9ce6a02fa,Kimironko,Kacyiru,6.98,moderate,16.37,17.95,1.58
e2fa35bf-ff17-46f1-b38a-70ae2f9d5a48,Nyamirambo,Kacyiru,23.56,moderate,74.42,69.85,-4.57
ae8ed898-fcdf-42c5-ad79-287f89c6c78c,Gikondo,Remera,27.27,moderate,82.48,82.11,-0.37
ee126d78-e15b-4cf8-b6f6-f08d5d120842,Kacyiru,Nyamirambo,21.71,light,44.77,41.28,-3.49
95a14712-bcd0-41ee-8c95-6729f1163255,Nyamirambo,Nyarugenge,18.39,light,39.14,33.72,-5.42
91c238bd-25da-4e0f-81c5-7f289674a8de,Kicukiro,Gisozi,8.53,gridlock,52.64,51.03,-1.61
6e1d9525-6890-4994-b169-356a0662e623,Nyamirambo,Gisozi,20.81,gridlock,110.07,107.72,-2.35
35c6ebff-6147-4fce-aa3c-ec3bdc187a44,Gikondo,Kacyiru,19.69,gridlock,85.28,96.75,11.47
253945fc-35ea-4249-8858-e4c0c7218dfb,Gikondo,Kimironko,4.4,gridlock,21.24,31.03,9.79
a619b8d8-ef4d-47db-ad00-9cc56821279d,Gikondo,Kacyiru,16.42,light,39.11,41.52,2.41
ad36d586-938d-48a7-ac08-ff9dd15f447c,Gisozi,Nyarugenge,8.37,moderate,22.57,20.01,-2.56
59f7a2c1-2841-4682-994b-fc41109f0b2a,Kicukiro,Gisozi,7.79,heavy,29.96,33.73,3.77
c166a922-9db0-48fe-a51e-1edeb2d628f0,Nyamirambo,Gikondo,18.96,light,37.4,37.73,0.33
05d9ccd5-0834-44e6-9a81-08f7a400142b,Kacyiru,Nyarugenge,16.21,moderate,45.68,48.47,2.79
098a299b-86c7-4ef4-9476-0e1f8cd75ae9,Remera,Nyarugenge,15.27,moderate,39.0,38.96,-0.04
cdd5b329-208d-4998-a881-dd6d99aba51b,Kacyiru,Gisozi,9.22,moderate,32.83,32.98,0.15
ef9920bb-85fc-4412-bda7-a53d6b2230f5,Kimironko,Kacyiru,6.21,moderate,19.8,22.63,2.83
afbfd117-cecc-420d-8b30-24da45215c4b,Nyarugenge,Nyamirambo,19.38,moderate,57.73,58.66,0.93
42965a1a-ba31-4a3f-b73f-404be6f311f4,Kacyiru,Nyarugenge,18.16,light,61.36,57.11,-4.25
037514c2-250f-4e45-a624-9306e23f3dc7,Kicukiro,Gisozi,14.35,moderate,36.08,37.28,1.2
43ab9005-4b04-4dc0-a151-45b88b0e82be,Gikondo,Kicukiro,13.58,gridlock,70.37,70.6,0.23
6ae01f5f-c18b-48ec-bd1e-9f8f8442e28d,Kimironko,Kicukiro,2.0,gridlock,12.26,3.78,-8.48
ddfbe003-8264-4590-a431-4aea11dfa8ab,Kacyiru,Kimironko,11.87,light,28.54,28.97,0.43
7f6c5b9c-8df2-4af3-a6e5-5ec35a437df6,Gisozi,Remera,1.95,light,2.01,3.74,1.73
ae061c79-59b4-42e5-aec3-07339636f8f5,Gisozi,Kimironko,19.93,moderate,59.46,58.66,-0.8
c3d5e8db-709e-42b9-b209-3c06969b6e3b,Gikondo,Gisozi,16.61,light,44.17,46.24,2.07
aaf8553c-e6e1-4a42-abfe-5a0f39024422,Gikondo,Kicukiro,8.03,heavy,37.32,36.31,-1.01
70c8e272-851b-4eac-a1e9-89c20d1eeee6,Remera,Nyarugenge,24.77,moderate,62.86,61.51,-1.35
cbfa9aa2-25d1-4f9b-9e01-87a2906611c4,Nyarugenge,Gikondo,10.27,light,21.71,19.3,-2.41
bc0ae1ad-9e78-4a67-9a06-f55c2fcd736b,Gisozi,Kicukiro,24.42,moderate,86.38,82.55,-3.83
fbb6a154-421d-4ae0-90c0-09219f60e5d3,Gikondo,Nyamirambo,8.63,heavy,25.86,30.59,4.73
1471137b-e69c-4796-9c78-4d1a19bd7907,Nyarugenge,Kimironko,14.43,moderate,39.84,47.71,7.87
4fe62f03-3e1c-4009-9803-d344122969c2,Kicukiro,Gisozi,19.36,heavy,74.96,74.57,-0.39
cf0e4a29-3c30-429f-9dd5-ff95451eef44,Kimironko,Remera,27.15,light,55.78,55.04,-0.74
be9f9690-74c5-4231-acf6-b428cf12f01e,Nyamirambo,Gikondo,22.59,heavy,71.61,75.19,3.58
c04083b7-fa0c-4efd-bf7a-bb6b57f6d541,Gikondo,Kacyiru,27.78,gridlock,198.9,189.09,-9.81
45f4bc7b-d713-402e-8e4a-b287e664fbc5,Gikondo,Gisozi,3.18,moderate,8.32,4.85,-3.47
f20d1dff-5eef-4147-909e-7483847e73c6,Gikondo,Kacyiru,21.01,moderate,65.29,60.98,-4.31
85360f70-0365-4423-ba6b-56d5a0c72bce,Nyarugenge,Gikondo,13.95,heavy,55.21,49.61,-5.6
14f2b4f4-f93a-4af3-9d80-53300c4b4d3e,Gikondo,Remera,2.94,light,6.35,8.01,1.66
9e3f6199-ca26-46f9-9107-875dbf20f279,Kicukiro,Gikondo,12.98,heavy,51.63,46.15,-5.48
ece5aba1-c78c-49d1-a13f-b69e5b126b1d,Remera,Kacyiru,16.97,light,33.92,33.21,-0.71
cee2acd2-2a1d-43ee-9bfa-d6fa75433059,Kimironko,Kicukiro,19.18,light,36.78,35.9,-0.88
fe338f56-89c1-439c-aa50-85943715aa0d,Remera,Gikondo,9.41,heavy,33.14,32.58,-0.56
fa25666f-9faf-4792-bb61-10614d74ddb6,Gikondo,Remera,9.21,light,17.92,18.12,0.2
292cc813-5024-4dd2-b403-5aecf6f4f522,Nyarugenge,Kicukiro,7.32,light,16.78,17.52,0.74
f075858e-cb22-43a6-bbfa-cbac62fb8d8d,Kicukiro,Kacyiru,1.48,heavy,6.22,5.14,-1.08
b39e525b-0188-43ce-ba89-6fdcce84f95d,Kimironko,Remera,22.86,light,66.17,67.92,1.75
c6f17dae-c633-4702-a295-ff0dbd8782bd,Nyarugenge,Remera,5.82,moderate,14.92,14.56,-0.36
46aa0898-ab24-44ec-8921-319db0fe5191,Kimironko,Kacyiru,1.15,moderate,5.36,0.55,-4.81
66a18910-acf1-4489-8d53-e88274e36744,Nyamirambo,Gisozi,11.68,heavy,33.38,34.59,1.21
2949c97d-422a-4742-aed9-c3c64c338a97,Kacyiru,Gisozi,20.42,moderate,84.55,80.96,-3.59
e7c2815e-f0b4-4705-a096-efaba5be3e0e,Nyamirambo,Gikondo,7.73,heavy,32.21,33.73,1.52
8f1a3518-369e-408f-9cb6-da4cca1a7437,Kacyiru,Remera,14.45,gridlock,62.5,66.75,4.25
1626d09e-53b3-43de-807c-74747d1377db,Kicukiro,Remera,8.35,gridlock,52.28,50.05,-2.23
cfe17338-0d25-49f7-931b-08bf0351ba0d,Nyamirambo,Gikondo,23.2,moderate,57.06,58.58,1.52
713a5282-9ed6-4b7a-b65f-11488497ce4a,Kimironko,Gisozi,16.71,moderate,49.09,49.86,0.77
2c0a33c7-86d0-466f-9c74-7a646e5d3f61,Nyarugenge,Remera,6.17,moderate,17.29,19.17,1.88
ec98bad9-540f-4b04-a0e1-654e1dc64570,Kacyiru,Gikondo,9.72,light,24.82,23.68,-1.14
f33251ca-01be-4be7-9001-93de63c900f2,Kimironko,Nyarugenge,13.2,moderate,52.89,49.69,-3.2
90e1ad4d-2452-40f9-91b1-eabd8ddd3a9e,Kacyiru,Kicukiro,20.01,heavy,73.8,72.73,-1.07
2653997a-2d16-4add-b79f-b894be8df057,Gisozi,Remera,14.25,light,32.74,28.27,-4.47
d4fd1ec8-9f8b-4b36-8388-40d0f4eb3a08,Nyamirambo,Kimironko,4.14,light,10.58,13.15,2.57
99fec331-6093-4c57-8a29-6b1ffcb2e7aa,Gikondo,Kicukiro,19.95,light,57.01,51.36,-5.65
af3c5b58-4571-45d7-b251-ea73dd530c9a,Gikondo,Nyarugenge,8.88,light,16.75,21.87,5.12
5185ad8f-33d1-4f7e-aa68-a6737a3e5aed,Gisozi,Kicukiro,6.05,moderate,19.21,20.68,1.47
7d0f6bcd-eb60-40f9-af14-2d745b8deb9a,Gikondo,Kicukiro,11.65,light,22.79,22.17,-0.62
232638c5-8f03-4f33-a450-ed8e3ee6087b,Nyamirambo,Kacyiru,21.49,light,43.97,41.28,-2.69
98c4f6b5-3c8c-4eb5-984a-6e777321d7cc,Kacyiru,Gikondo,24.19,heavy,80.21,79.92,-0.29
f7050bc0-3865-484a-ba51-7876176708a9,Gikondo,Kicukiro,2.98,light,9.88,4.43,-5.45
9a7dfa0f-958d-418b-b41a-7fccd5306abb,Kicukiro,Kacyiru,3.34,heavy,13.85,16.41,2.56
6f97b918-6dd4-4cc7-a852-66981b85447b,Nyamirambo,Kacyiru,4.77,light,9.48,10.29,0.81
054a7a48-0a48-439d-906f-704ff6906b38,Remera,Nyarugenge,18.96,light,51.97,48.42,-3.55
a8240a13-70ec-4fed-8804-710dc90321eb,Gikondo,Kacyiru,10.5,heavy,34.4,35.27,0.87
9a28550a-fb1e-4ce7-ae87-94489b9a3282,Nyarugenge,Kicukiro,25.33,moderate,63.11,61.51,-1.6
4d7f7902-cc7a-4ea6-a4e9-3539e3bf4c38,Kacyiru,Remera,8.66,moderate,22.38,28.36,5.98
d7a1b314-125a-4c99-991e-13c2dbed3284,Nyarugenge,Kicukiro,18.95,moderate,49.16,47.91,-1.25
02d001be-ad5b-40c1-ab9c-106122837646,Nyarugenge,Gisozi,10.68,gridlock,46.25,40.2,-6.05
981caae1-9975-499a-9ca2-8e65a9680a7b,Kacyiru,Nyarugenge,11.98,moderate,45.98,47.82,1.84
aea24ebf-df8f-4925-a982-79cb9a9aeae0,Nyamirambo,Kimironko,19.78,gridlock,97.22,102.29,5.07
2ccdfc33-c9df-4d41-bfd1-13753e25a8da,Gisozi,Nyamirambo,4.86,moderate,16.79,15.3,-1.49
bde24fee-763f-4c68-858f-4ea8980cf200,Gisozi,Kimironko,21.03,light,44.39,41.81,-2.58
c36fb51c-7361-4e7a-8420-29b5ab17d496,Kimironko,Remera,25.8,gridlock,134.96,144.77,9.81
063cd9fb-7cee-42fa-9cda-966376d99c9e,Nyamirambo,Kacyiru,9.63,moderate,30.15,28.75,-1.4
3ebb7fd9-9089-4064-bcb4-4c1ae17c684b,Kicukiro,Kacyiru,8.3,moderate,21.59,20.01,-1.58
25664414-0866-430b-85d7-311643af1efc,Remera,Gisozi,22.61,moderate,80.6,76.8,-3.8
1d76ffa1-4ed3-4414-9d20-a0401c113911,Kicukiro,Kimironko,25.79,light,51.83,52.7,0.87
ac4df93d-f5c3-4c26-a19e-ca63ddead03c,Gikondo,Remera,12.61,light,24.82,26.33,1.51
866d00e2-1115-44bf-a5df-db74ecd51dff,Gisozi,Nyarugenge,16.3,heavy,53.59,57.6,4.01
00a062fa-448d-4e57-aef6-24a8e6b8413a,Nyarugenge,Kicukiro,16.59,moderate,52.04,49.95,-2.09
fba20ea4-a10e-4edb-a219-e4fb82eea82c,Gikondo,Kimironko,16.39,light,33.49,33.11,-0.38
1a8df7be-0acd-4605-b746-83623ee92c5b,Nyamirambo,Gikondo,24.57,light,70.43,69.92,-0.51
1e55c429-6b94-40f3-9dc9-e3e6885e61e2,Nyamirambo,Remera,14.02,heavy,46.85,42.27,-4.58
023d4c8b-1fb6-44f7-8c75-35433df2eae1,Kimironko,Kacyiru,17.68,moderate,42.35,43.45,1.1
98a182c2-5844-4fed-ab50-b531bc0890c8,Nyamirambo,Kimironko,14.01,moderate,37.81,32.5,-5.31
3a7bfdd1-0134-498b-a19c-4e569fd6895d,Remera,Gikondo,11.54,gridlock,64.22,65.41,1.19
c1d8cab1-61dd-4420-a5b6-feb0df6ac451,Kimironko,Kicukiro,20.33,light,39.38,40.5,1.12
c0dbab69-2c20-42e4-840d-d2cc3c08757d,Gisozi,Remera,23.85,moderate,69.43,72.7,3.27
1aa2fd4a-bbc0-4ef7-8e46-16693be8525d,Kacyiru,Nyarugenge,10.95,light,27.1,27.99,0.89
88a60197-59b4-4ae5-b392-50d2cc5275c4,Remera,Kicukiro,6.82,moderate,15.77,16.44,0.67
553214c4-89a8-423b-84e9-face708fe332,Nyarugenge,Kacyiru,20.37,moderate,67.43,70.96,3.53
d0ac452b-0371-47a2-bba7-606e2f0abf95,Kacyiru,Kimironko,17.99,heavy,80.38,79.97,-0.41
91b66eae-1ae9-4954-9ba6-e5a598a366b8,Gikondo,Kimironko,20.7,light,37.95,41.81,3.86
47a26ccf-1dc1-4e28-8a25-9c2e9986b490,Kicukiro,Kacyiru,11.13,moderate,33.48,34.9,1.42
20642762-319b-40e2-a2aa-457c0e10aac8,Nyamirambo,Kicukiro,20.87,moderate,63.03,60.83,-2.2
4a7f8dac-b4ba-44dc-a832-1cc637082d6f,Nyarugenge,Gikondo,27.66,light,54.32,53.9,-0.42
d38582f6-bad6-439a-b4ed-454bac1d4d45,Kacyiru,Kicukiro,24.17,heavy,91.55,89.9,-1.65
c5255c27-7e9a-4482-a9bd-26e45bd28ea7,Nyamirambo,Nyarugenge,1.32,moderate,7.66,2.22,-5.44
c6e54756-7e4a-45ea-9acf-a11ce5e73a6e,Gikondo,Nyarugenge,5.55,light,14.74,15.47,0.73
f0ba44f7-0583-410f-bcd9-a37e517ccbc7,Kimironko,Nyarugenge,22.87,gridlock,119.61,135.91,16.3
46a015e5-472c-4a82-b3bc-61d305b4b77b,Gisozi,Kacyiru,12.08,light,27.25,23.97,-3.28
114a7676-cdec-4fd6-8355-ec46821c8832,Kicukiro,Kimironko,3.32,heavy,8.47,9.26,0.79
dff4776b-e92f-442d-8883-e82f09557c63,Nyarugenge,Gisozi,24.7,heavy,94.3,96.09,1.79
4830b66a-aa28-43dd-bf6f-a338dcd36154,Kicukiro,Nyamirambo,4.59,heavy,14.98,14.83,-0.15
3c875d24-ccad-4588-accb-9933ebfee192,Gikondo,Kimironko,4.19,light,6.55,11.81,5.26
3801e04f-80f3-4613-a7b5-1ce5ab61bced,Kimironko,Gisozi,24.04,gridlock,109.36,118.45,9.09
865d8ad0-837c-4b1f-b42f-a8b2d3b12e63,Nyamirambo,Kicukiro,20.87,moderate,70.61,70.43,-0.18
b181b5ec-aee4-4727-aeb5-ca43902bc08f,Kicukiro,Kimironko,19.5,gridlock,80.56,92.86,12.3
623ed047-a6f7-43aa-9fb9-169d90540ab3,Kacyiru,Remera,18.24,moderate,57.02,55.82,-1.2
2b281438-df16-400e-b607-5c180ebd3b00,Remera,Nyamirambo,14.16,moderate,45.71,44.36,-1.35
99970f49-bdc8-480a-a5d5-671bb69e4be4,Nyamirambo,Kacyiru,13.3,moderate,44.8,43.69,-1.11
966bddfc-2947-4837-9afd-5c2fcd6578a5,Remera,Kicukiro,21.93,heavy,70.81,75.19,4.38
5de40a98-38a5-4c01-90f8-6806ae5087b5,Nyarugenge,Remera,16.32,moderate,48.42,49.95,1.53
b3abdbc3-4580-4bec-9b76-b4636e13ac20,Kicukiro,Kacyiru,18.77,moderate,47.35,47.91,0.56
c1786581-ca35-47ee-b8d0-d89c1edfe8ad,Kacyiru,Gikondo,5.28,heavy,18.26,19.43,1.17
8d21dbb9-584f-401d-b141-1bdedd3b2eb5,Kacyiru,Nyamirambo,22.99,light,43.26,46.06,2.8
a8eb72b3-99d7-4925-8aa2-1365adcaaf32,Kicukiro,Remera,23.72,light,49.21,47.87,-1.34
9043f400-085d-4c93-8452-2da5ba5cbbe3,Nyarugenge,Kicukiro,14.28,moderate,36.31,37.28,0.97
f4c5ddae-f5ce-4c11-90d7-d576b41b2a03,Gikondo,Nyamirambo,18.43,moderate,46.21,43.45,-2.76
6f3baca1-056a-434f-be32-4248d85246f9,Gikondo,Gisozi,23.67,moderate,70.31,72.7,2.39
d03819be-59f1-4262-a1ca-fd6b8b0d8d7e,Gikondo,Nyarugenge,24.2,moderate,75.26,72.7,-2.56
5dfe2fdd-7f4b-458d-a4df-e14014449c3f,Gikondo,Kicukiro,6.37,light,13.69,13.13,-0.56
f17fd231-233e-4910-a3f3-2f2b10516b02,Kacyiru,Nyarugenge,7.66,moderate,22.86,20.01,-2.85
8a98ce6a-310b-4e6e-a79a-95e31e684740,Kacyiru,Gikondo,12.25,gridlock,53.38,59.24,5.86
e406a46b-d58f-4cb1-baab-f427a4354b8a,Kimironko,Gikondo,25.81,moderate,75.68,75.92,0.24
cf87f6bc-c90d-4b04-95e8-7173e1cec535,Kimironko,Gisozi,23.41,moderate,58.01,58.58,0.57
312ac0ff-bd86-4f72-a1ca-6b99f5b2f593,Gikondo,Remera,27.41,moderate,83.58,82.65,-0.93
798e5d09-aaf0-426f-92d2-5463579134ac,Kicukiro,Kacyiru,1.2,light,2.98,1.63,-1.35
9fcd901e-cdcd-4101-bb9a-75eb1195ab0b,Nyamirambo,Gisozi,18.41,moderate,45.7,43.45,-2.25
a0678c92-adb3-4215-8753-a962042578a9,Nyamirambo,Kacyiru,22.08,heavy,69.73,75.19,5.46
7635bb01-5d59-4081-8735-9c50cda6c498,Gisozi,Kacyiru,21.51,light,49.44,51.29,1.85
eff6b49f-6c06-4a5d-a335-34d886178aaf,Kimironko,Kicukiro,17.33,light,46.1,49.07,2.97
7bf088d5-826a-45d6-8c9c-fdd6e5a9b458,Kacyiru,Gikondo,3.75,light,7.44,10.04,2.6
30400ee7-e33b-48fc-b2a0-96b90d4b13e3,Nyarugenge,Kicukiro,10.41,moderate,33.65,29.46,-4.19
4dbb9e08-f285-47db-9b24-bc52a688bb6d,Nyarugenge,Gikondo,1.66,moderate,4.04,5.06,1.02
8fbad27c-111a-4874-8f41-ecd0ed385731,Nyamirambo,Kacyiru,6.44,light,13.1,15.64,2.54
204c426d-99c8-4ea1-835c-49e0f1221118,Kimironko,Nyamirambo,21.55,light,62.53,62.96,0.43
38f53590-cdce-47a4-92cb-746d42bc7857,Nyamirambo,Remera,20.14,moderate,64.14,58.66,-5.48
00606ce8-6620-4c87-83cd-78b0683a3c6d,Kacyiru,Remera,16.0,heavy,54.58,57.6,3.02
e34d5316-5dcf-42fe-a693-f2e448f05baa,Kacyiru,Kimironko,22.3,moderate,81.15,76.8,-4.35
a2b9b551-4caf-413b-8c10-9a45a1e6b7d6,Kicukiro,Gikondo,21.7,light,43.66,42.78,-0.88
ef876ea6-d295-441d-9915-c66ff41c6bd3,Kicukiro,Gikondo,3.34,light,2.56,8.06,5.5
8aa4541e-3d77-4935-84f8-44231d20900f,Remera,Nyamirambo,26.06,light,54.0,52.74,-1.26
8ca752ef-502e-42b1-a859-01c8b5820b21,Nyarugenge,Gikondo,27.79,heavy,86.79,90.4,3.61
bdedf4a8-8110-4b94-a64e-0da0239eaf62,Gikondo,Kicukiro,17.1,light,44.1,40.56,-3.54
90d026c1-0149-494e-9519-6f2a9e3769b8,Kicukiro,Nyamirambo,9.73,light,24.78,25.42,0.64
7285befe-2dbd-4f7d-a7f6-08da0bbdaf50,Kacyiru,Nyarugenge,18.5,light,41.69,42.49,0.8
151dd4e6-578b-443b-a144-57acd7b21f43,Nyamirambo,Gikondo,27.89,moderate,86.7,82.11,-4.59
e5aa75c1-7178-47d6-b423-0cbdaaed3049,Kimironko,Kacyiru,19.16,light,37.75,35.9,-1.85
076878cd-ba37-49e0-990d-6da5fc01cac5,Nyarugenge,Kimironko,17.7,light,39.7,33.72,-5.98
1830ad93-93dc-402a-88b3-63ffa31ce1d7,Nyamirambo,Nyarugenge,17.74,moderate,53.14,55.82,2.68
642446ba-652e-40ed-be27-d0b8026ea59b,Gikondo,Nyarugenge,13.6,heavy,53.75,47.66,-6.09
17c988c8-59cf-4812-921a-9b6048d51806,Gikondo,Remera,14.91,light,41.28,38.71,-2.57
68cb41be-3c16-4370-a63d-cdc2e19481d4,Nyamirambo,Remera,17.13,moderate,50.56,51.54,0.98
c29af4a8-6366-40b5-919f-45df2789b3e5,Nyamirambo,Kimironko,8.98,heavy,34.88,36.67,1.79
75ad5dee-6080-40d5-a893-5a40f7367474,Kimironko,Nyamirambo,17.29,moderate,41.34,42.22,0.88
8e4c6147-7ddb-4654-a56e-0d53e1bf8e14,Nyarugenge,Nyamirambo,18.12,light,40.84,42.64,1.8
ed028fb2-1b63-496f-bb71-022de79695ad,Kacyiru,Remera,5.85,moderate,17.4,19.17,1.77
1496d6dd-c7a9-4af5-82a3-f50453169fa2,Gikondo,Gisozi,22.05,heavy,81.71,85.84,4.13
bece876e-8cf3-488f-8525-94d9faf3f974,Nyarugenge,Kicukiro,8.22,light,21.85,21.39,-0.46
5b8a0576-60e7-4890-a3d8-684156d06d96,Nyamirambo,Gisozi,22.12,light,42.69,43.78,1.09
d2e34012-7c21-4499-8ffc-676c04f98800,Nyamirambo,Kacyiru,20.45,heavy,88.58,85.98,-2.6
d9e70993-386a-44da-81d0-16ce8d5b63ef,Gikondo,Nyamirambo,6.64,moderate,20.17,19.54,-0.63
37061773-74c7-4eb4-a18b-2fb25ff83a83,Nyarugenge,Kacyiru,25.91,light,63.2,65.05,1.85
8296f030-9c39-44c6-b0d8-91e8e5c7436f,Kacyiru,Gikondo,8.16,moderate,20.77,20.01,-0.76
4204f7d2-d3df-4c0e-9738-120cdfba92e1,Nyarugenge,Kimironko,24.64,light,50.05,50.48,0.43
582e8464-b8d3-41d9-8a2c-c96a2850a0dc,Kimironko,Remera,5.97,moderate,13.76,18.63,4.87
374c96ac-4c0a-42ae-b67d-e76c93c945d2,Remera,Gikondo,26.74,moderate,67.72,67.33,-0.39
0a23a62d-a3da-489e-9ce3-b155d0d9d789,Nyarugenge,Kimironko,9.77,heavy,38.95,39.67,0.72
84966743-69ae-4cd5-8274-b3cc794193d6,Remera,Kacyiru,10.42,heavy,52.55,54.44,1.89
dfb6e462-259d-4767-bc21-12e25ba2f6c5,Kimironko,Gikondo,23.38,moderate,65.97,68.76,2.79
913947fe-ffd5-4a85-a85a-24dc0d971cfa,Kimironko,Kacyiru,2.28,light,3.96,3.74,-0.22
f443f572-81bc-4110-bf77-5b120c2ebc76,Remera,Gikondo,4.79,light,11.23,11.81,0.58
5274a700-4300-4bb5-a4e6-c32f17ca47d0,Gisozi,Nyarugenge,12.29,moderate,27.21,28.73,1.52
1085ea43-f98f-4887-85e7-1eb2dbe5e25b,Nyarugenge,Gikondo,23.2,moderate,58.18,58.58,0.4
a5fad6e1-b7dc-4456-81ae-59e83f2e2b4f,Nyamirambo,Remera,16.88,heavy,56.66,56.14,-0.52
9f81c637-54b9-4519-a6c9-aebb8751678b,Gisozi,Nyamirambo,4.73,light,9.75,13.46,3.71
451ff66d-3f4c-43f1-bebe-3f726f8a4ec2,Nyamirambo,Kicukiro,23.05,heavy,100.55,103.85,3.3
e59c424a-6299-4c09-a47e-987ddfbcc8c2,Remera,Nyamirambo,21.65,moderate,52.88,54.1,1.22
b4ef36ac-9802-427d-9abc-df312d0ec90c,Nyamirambo,Gikondo,6.45,moderate,14.56,12.9,-1.66
dc1cc912-bc96-403b-9696-f1ae6963171c,Gikondo,Nyarugenge,9.84,heavy,32.24,34.74,2.5
3d9a11d8-3d47-4f06-b378-14e5e0ba7738,Gisozi,Nyamirambo,8.01,heavy,34.92,36.63,1.71
4eb3bd6c-96ab-4e8b-9107-9a10c300ecf7,Gisozi,Gikondo,9.62,gridlock,60.17,54.29,-5.88
fdd5b54a-69b2-4bef-9ec3-9f4805824ec2,Kimironko,Kacyiru,5.02,light,11.56,10.91,-0.65
6325e536-33cd-40ab-8563-00b73c890250,Remera,Kacyiru,23.06,light,57.9,56.67,-1.23
8781e321-0cc3-465d-9adc-65c867a8eaac,Kacyiru,Remera,22.38,heavy,87.95,87.25,-0.7
a139b3f5-acb8-4fd4-8230-2e9701fb4af3,Kicukiro,Remera,20.49,moderate,63.83,60.98,-2.85
111875ff-9b30-418a-aa31-fda73d142c72,Gisozi,Nyarugenge,14.17,light,27.46,28.27,0.81
47f4c7c5-157b-4c72-a3cc-0c582d31be0d,Gisozi,Gikondo,24.98,heavy,82.43,85.08,2.65
6773ad2c-cc7d-4dab-96b5-de92e947e2d7,Kimironko,Gikondo,4.46,moderate,12.71,12.98,0.27
26eee0b7-2b8c-427b-a9a6-cd62a96252f8,Kacyiru,Remera,18.19,moderate,54.5,52.07,-2.43
2646bf0e-15b1-4a0c-8dd9-f8bd4f69c2ae,Kicukiro,Gikondo,19.16,heavy,84.42,81.98,-2.44
0e75e283-ef94-4c42-a975-9b46d6cb0fa9,Kimironko,Kacyiru,4.6,light,8.9,10.48,1.58
a0e98e12-5ea5-4196-a874-cacc9b4efeb3,Nyamirambo,Kicukiro,2.8,moderate,10.96,11.13,0.17
923b8f2d-5945-435e-9c0e-b1968b026242,Gikondo,Kacyiru,10.47,moderate,28.61,26.67,-1.94
40ba81ff-2acb-4676-a53f-2fbe171737ab,Gikondo,Kicukiro,26.6,heavy,116.12,117.53,1.41
7bf74935-d334-4c79-a74f-7cd8eec77b4d,Remera,Kimironko,3.58,moderate,9.34,7.66,-1.68
2568fef6-958a-4afb-91ce-1b46b993eaa7,Gisozi,Nyarugenge,27.33,light,76.47,76.51,0.04
fc094ec5-89e0-494e-b173-778c6a77e4d6,Nyarugenge,Kicukiro,23.09,heavy,74.69,78.28,3.59
f9d01d30-41ff-4799-89e5-9b894d3f4274,Kicukiro,Kacyiru,27.88,moderate,101.67,97.64,-4.03
c77b87a2-d155-4f71-b48b-bee91fb69acf,Kimironko,Gikondo,7.04,light,16.74,17.52,0.78
be45f973-06fa-41f1-92d5-b813e7373b3f,Remera,Nyamirambo,12.85,moderate,33.67,30.99,-2.68
bb5a7509-5f4d-4d67-be51-0b3605b3cc81,Kacyiru,Nyarugenge,7.45,heavy,25.17,27.45,2.28
1f3f3e4d-bd01-4661-9dbe-f234ed419655,Remera,Nyamirambo,17.57,light,43.25,41.45,-1.8
11bad4ee-b5d6-46bd-b7b7-90386653cd7c,Gikondo,Remera,20.92,heavy,78.62,76.74,-1.88
724e8314-ba39-447e-a97d-97a10232e5ce,Gisozi,Kimironko,12.62,moderate,44.17,43.69,-0.48
4f706785-3125-4657-8a7a-ab5f04204fee,Kicukiro,Nyamirambo,14.23,light,34.38,37.2,2.82
a3e03536-4ce6-4991-ac43-32d61267b9c3,Nyamirambo,Kicukiro,23.55,heavy,88.5,89.42,0.92
8317f274-2246-41fd-9b0a-5732c576d114,Remera,Gikondo,1.16,light,2.0,1.63,-0.37
b7d95669-37b4-4e24-8aa7-2334a67a5e32,Gisozi,Kimironko,26.64,light,78.65,75.54,-3.11
2812e8e8-6a8d-4182-9f6f-cec1e7e8f24e,Gisozi,Remera,16.65,gridlock,73.41,69.5,-3.91
5f112e09-8eb5-4d79-9502-f1c1035ee94a,Gikondo,Remera,15.09,moderate,45.34,47.25,1.91
8f5dca02-033e-4ae3-80e0-63467e8b34c1,Kacyiru,Kicukiro,15.58,moderate,35.29,36.79,1.5
02d7c123-f312-4816-bf3e-d73d5ca16ea9,Nyamirambo,Kimironko,2.23,moderate,7.96,9.66,1.7
6db19199-2dba-4a1c-909e-68cbac9dce2d,Nyamirambo,Kacyiru,11.62,light,21.77,22.17,0.4
38b5174c-3e50-43b8-acdd-635a99143000,Kicukiro,Kacyiru,7.49,gridlock,38.58,43.21,4.63
62c6fd0e-8f1e-4d07-a613-af049463a5b8,Kacyiru,Kicukiro,1.13,gridlock,9.72,8.29,-1.43
1a9141d4-e23d-42a2-bcc0-6fb689cc09be,Kacyiru,Nyamirambo,14.79,light,34.84,36.13,1.29
1d3dbc7a-d131-48cd-be3d-26024472aaf4,Nyamirambo,Remera,12.39,heavy,47.73,42.96,-4.77
fafb238b-86d4-444b-a0ca-a58f0b4d0351,Kicukiro,Nyamirambo,15.67,light,39.66,38.89,-0.77
95a010cd-5a41-46c7-9737-e8612ead04c3,Kicukiro,Gisozi,22.79,moderate,81.56,80.38,-1.18
b01f1c75-eb31-48e9-be64-da0686e1e937,Kimironko,Gikondo,9.8,light,30.39,26.01,-4.38
632b2d53-cd67-496b-807e-12f4840f2539,Nyamirambo,Kacyiru,4.94,moderate,14.18,12.98,-1.2
23560c61-d1ca-465d-add4-a6de6295d1be,Remera,Kimironko,23.76,moderate,70.66,69.19,-1.47
841cc220-1ef8-4d31-85c5-6e1d678caff6,Nyarugenge,Nyamirambo,27.12,light,64.58,66.24,1.66
4a491f63-c421-44d4-a2f1-2bda5a32e246,Kicukiro,Nyamirambo,5.29,heavy,16.9,19.43,2.53
11fe9650-9877-464d-a6e7-44a30f67d51e,Nyarugenge,Gisozi,3.85,light,9.06,6.7,-2.36
865ad8ee-82ca-4940-8d6f-916e5152d1f7,Kacyiru,Gisozi,20.72,moderate,62.49,60.83,-1.66
0cc2c61a-6221-4dbd-8ef5-10bdbb2c9448,Kimironko,Nyarugenge,6.87,moderate,21.86,18.84,-3.02
cc454800-d0a2-473e-b98a-48d04fc647c7,Gikondo,Kacyiru,9.11,moderate,23.46,22.7,-0.76
0cdfe0f5-bca3-4cf5-a8a7-9f413bd0b01c,Gisozi,Remera,7.29,heavy,27.55,24.47,-3.08
0a4ed242-484d-41e8-8e0b-498dcd582403,Gisozi,Kimironko,17.22,moderate,46.14,42.22,-3.92
0953c78c-6a6a-4d0d-ae84-de36b39e7d97,Nyarugenge,Nyamirambo,15.42,moderate,46.25,48.39,2.14
6817d674-075c-4ea1-9c03-f479b5b741fd,Gikondo,Kimironko,6.57,moderate,23.08,28.42,5.34
a983b1a9-0b3f-4873-9680-fee9574c5c24,Remera,Nyarugenge,10.45,light,20.75,20.69,-0.06
a24b8228-864b-4140-9a0e-a13d3e7ff8ea,Gisozi,Remera,21.64,moderate,73.59,73.28,-0.31
abf6b081-61d8-42a9-9d7b-8b1fba69fc8b,Gikondo,Kimironko,8.43,light,21.83,21.14,-0.69
046c2813-1721-4c3f-8e80-92266be0fb98,Kimironko,Kacyiru,14.03,moderate,43.09,38.5,-4.59
7d733ea0-4082-4bc4-a83c-eedfa00338b6,Gikondo,Gisozi,12.18,gridlock,73.38,76.21,2.83
a108ae9f-6f6c-4201-b241-3a176086d01b,Kimironko,Gikondo,3.72,moderate,14.61,14.76,0.15
b83ce334-40d7-4498-a02d-333edb6d543d,Kacyiru,Remera,10.01,moderate,24.67,24.04,-0.63
fa140db4-35bc-45fd-92eb-09623a33a2d8,Nyamirambo,Gikondo,8.29,light,22.91,21.14,-1.77
e965244c-22e6-423c-8690-e883acd0d13f,Gikondo,Gisozi,27.75,moderate,87.27,82.11,-5.16
4196b251-13cf-41f3-813d-0db9f230ed84,Remera,Gikondo,3.69,light,9.48,6.7,-2.78
6d2ea9db-a517-4b13-84a0-8db63be06b65,Kacyiru,Gisozi,17.52,moderate,56.07,60.39,4.32
331d1fab-ad54-402a-9577-3003ce2f818f,Remera,Kimironko,14.17,heavy,43.58,50.2,6.62
589c5d92-4bf3-434d-aba1-9cb28216e215,Gikondo,Remera,10.61,moderate,28.18,26.43,-1.75
1ff21fd6-b6e1-47e1-bf34-3fe8f0b8f5ab,Kacyiru,Gikondo,15.75,heavy,63.06,62.51,-0.55
9371e148-5122-4cd5-a211-b15cca00e0aa,Nyamirambo,Kimironko,10.88,moderate,26.61,26.67,0.06
bd82380d-e7ea-4306-85f0-c1bc4d44a8ab,Kacyiru,Kicukiro,22.14,heavy,70.91,75.53,4.62
b82b14eb-a1ee-4ef4-bace-33b15e7d7054,Nyarugenge,Remera,14.72,heavy,48.05,50.2,2.15
36dddac6-7fbe-4101-a355-fbe6cf73f774,Kacyiru,Remera,17.84,moderate,52.46,53.57,1.11
e9d96012-2c7d-4a3d-a02f-99545723896f,Nyarugenge,Kimironko,10.07,moderate,40.05,37.8,-2.25
85808d48-964e-47e9-a6f3-7256e7375c38,Kicukiro,Nyarugenge,13.06,moderate,39.45,37.0,-2.45
62d5a97d-5f0e-401c-9566-ff4f3342e387,Kacyiru,Gisozi,27.08,light,51.66,52.47,0.81
ece38166-b0d8-4398-b2c2-18e60ef8acf1,Nyamirambo,Kicukiro,23.0,moderate,59.71,59.29,-0.42
1ec9acf6-8985-48c1-b496-888ec01405f1,Kicukiro,Kimironko,26.98,moderate,111.86,106.31,-5.55
d6492459-50f5-437c-986e-eecd693d9741,Kacyiru,Gikondo,11.12,moderate,31.76,33.88,2.12
082b44c6-61a9-4ae8-966a-57b7a10b96ea,Kimironko,Gikondo,11.07,moderate,34.6,33.86,-0.74
5867c7c2-7edf-4fcb-bd70-b9b3cd2a707c,Nyarugenge,Kicukiro,19.43,moderate,57.25,58.81,1.56
b222f1dc-6afe-42db-b11f-51dd6e8dab91,Nyamirambo,Remera,27.1,moderate,83.4,80.96,-2.44
3b329883-710f-4e99-8bfb-c176703e837e,Kacyiru,Nyamirambo,12.71,moderate,38.4,38.04,-0.36
f0c28716-3619-4172-9a64-13f093beb8aa,Gisozi,Nyarugenge,2.26,moderate,4.35,6.5,2.15
443ace8c-483f-4dba-842e-ffdc5d17897b,Gikondo,Kacyiru,8.89,heavy,28.65,30.59,1.94
66d4253a-c2a2-4f56-aa02-2de9b48655e3,Remera,Nyamirambo,27.61,light,65.4,64.17,-1.23
95e66e9c-caf5-471c-8fd5-4dd6594634da,Gisozi,Kicukiro,11.87,heavy,52.53,53.44,0.91
6bd77268-9a12-4ad6-a251-4a298c6988be,Gisozi,Kicukiro,20.77,moderate,61.94,62.31,0.37
e50bdd99-3a69-4312-b985-4f94047aaf98,Gikondo,Kimironko,1.05,gridlock,5.33,4.61,-0.72
b05113d4-ac2e-469c-9bc6-80306f72ae16,Remera,Gikondo,15.9,moderate,50.08,47.83,-2.25
6ba0f3e0-2e01-4188-8a03-746bb14d8f74,Kacyiru,Nyarugenge,4.09,light,6.81,10.94,4.13
4b5cd294-ca44-4330-8f8e-14feb72595dd,Kimironko,Gikondo,22.01,light,42.55,43.45,0.9
f1267c42-c12b-4d7e-be30-ce53039f9928,Kacyiru,Kimironko,16.84,moderate,52.22,51.29,-0.93
29c7e43e-4e2e-433f-9677-aaf37d1fa3e0,Gisozi,Nyamirambo,15.21,heavy,50.35,54.06,3.71
6f4dab97-7c09-41f7-99a3-f146498ce4d6,Remera,Kimironko,14.47,heavy,54.48,60.8,6.32
9e4b9b37-294f-425b-9f3f-6250f2c973ca,Gisozi,Kicukiro,10.81,moderate,30.67,32.67,2.0
b654bd1f-a4c1-4f78-b6cc-a9dd192fd670,Gikondo,Remera,2.15,moderate,3.78,2.26,-1.52
6b74d70a-f468-4e77-aedc-cd709d7e8cde,Gisozi,Remera,24.45,light,48.74,47.87,-0.87
98059f12-2dcb-4cc7-b137-5f8271946cc4,Remera,Kimironko,25.38,light,51.83,53.13,1.3
e7da4706-4f26-499e-a28d-7ec8de6e6074,Nyamirambo,Kacyiru,20.7,heavy,80.42,75.58,-4.84
64029cc8-14cd-4c97-9fd5-4b96ee9996ce,Gisozi,Gikondo,2.92,gridlock,17.09,15.2,-1.89
cfc793a3-b6e7-4810-b9d2-7c4e4be72eab,Kimironko,Nyamirambo,1.78,light,3.64,2.08,-1.56
7f4f45d6-3da4-4f68-9242-f9009d02e710,Kacyiru,Remera,26.74,heavy,114.1,117.53,3.43
fdf00931-baab-4b6d-a045-72de7bc96862,Gisozi,Kimironko,20.5,gridlock,89.37,99.43,10.06
a9bece11-f7f8-4fb2-8aa2-a7faeaaf67fc,Nyarugenge,Kimironko,11.23,heavy,44.42,41.7,-2.72
7d170a23-c836-4f9b-be5a-ae5825d7381d,Nyarugenge,Kacyiru,16.78,gridlock,117.7,101.55,-16.15
4bb4c26e-ea85-4b6c-b283-d936b8a008f5,Kicukiro,Kimironko,7.26,heavy,23.86,21.19,-2.67
9ac1ea85-e7b7-4c40-90a1-f677a4112c45,Nyamirambo,Gisozi,21.03,moderate,65.6,62.31,-3.29
7cc4dffc-3719-4147-a0c9-cf148e29e2b0,Kimironko,Nyamirambo,17.23,moderate,54.45,51.63,-2.82
619c5bdb-35ae-416d-aa4f-37088e5874eb,Nyamirambo,Gikondo,19.46,heavy,76.17,76.02,-0.15
b0bcb8e9-4511-4c59-9d51-848c7212c14d,Kimironko,Nyamirambo,26.72,heavy,118.41,118.23,-0.18
477473dd-293a-4695-83c1-5081d698c0bc,Gikondo,Nyamirambo,20.74,moderate,54.33,51.6,-2.73
1eeb5faf-f3a0-459f-a4dd-07a5d6b64a15,Nyamirambo,Nyarugenge,2.36,heavy,9.19,6.71,-2.48
4939e8cf-7d66-4a9c-a4f3-ddf7baf80778,Remera,Gikondo,19.34,light,43.45,46.84,3.39
5e5c633e-4a7f-4948-b4b6-d44176dc1103,Kimironko,Gisozi,16.57,moderate,43.68,42.05,-1.63
4c272b71-94f6-4d66-a547-f3ec508867b5,Kicukiro,Gisozi,16.14,light,32.86,33.11,0.25
8828b5e2-76cd-418c-b52f-e62fcfa14483,Nyamirambo,Gikondo,6.05,heavy,22.49,21.53,-0.96
ff6ed3f1-45c1-4bcb-ac4e-9c9c777dbb4f,Nyamirambo,Remera,22.28,light,62.63,63.36,0.73
e05ef29c-65b4-4ab9-b865-6df0693c95f8,Kimironko,Kacyiru,9.03,light,23.49,22.76,-0.73
8b440561-302f-4d32-b529-dd19edc21985,Nyamirambo,Nyarugenge,4.77,moderate,16.39,15.3,-1.09
12ff7e61-0ac1-4dea-8eb3-b9e4004a1200,Remera,Nyarugenge,25.29,heavy,80.88,83.06,2.18
590ddd27-4ac9-4641-9cc4-2f0cac7b6116,Gisozi,Gikondo,1.94,light,2.76,2.08,-0.68
4091d16c-d05a-40be-b5a5-ca7289eaa4db,Kicukiro,Kacyiru,27.82,gridlock,124.66,121.38,-3.28
7d980ab9-6fbc-4261-b475-d8f530f86c39,Kimironko,Gisozi,10.85,heavy,35.17,35.31,0.14
56fa869d-c427-4771-9462-6eedef5f4c4c,Kicukiro,Gikondo,10.78,gridlock,58.04,47.64,-10.4
a827d847-233a-4b8b-9f1d-b3e25a34ca3c,Kimironko,Kicukiro,13.11,gridlock,66.63,69.93,3.3
d76d7bc9-f3b3-47e3-b2f2-e6d423a83306,Kicukiro,Remera,4.59,moderate,9.46,12.98,3.52
1b4099f6-b637-4228-a8f9-a5a4063e1558,Remera,Kimironko,27.16,gridlock,117.5,121.38,3.88
e8a2697e-09f6-4000-a50d-3b33dc79199c,Remera,Kacyiru,24.86,light,47.46,50.44,2.98
900c4514-b0e0-4adb-a1c0-47c083dc1203,Remera,Kicukiro,24.15,moderate,60.11,61.08,0.97
163b2f5f-d2c2-47eb-92e4-75e14c19fd5c,Kicukiro,Gikondo,14.52,moderate,35.78,37.28,1.5
ffe53e87-4520-4439-b638-5a8238673630,Gikondo,Nyamirambo,14.61,light,30.75,31.22,0.47
41cf6cbe-f0cb-4d3c-b4a9-131cff764b6d,Kacyiru,Kicukiro,20.15,light,50.5,48.23,-2.27
56b1e931-55ba-46a1-b07e-025580998079,Kacyiru,Kicukiro,11.17,heavy,42.3,44.27,1.97
558cad0e-2ce8-4ebf-8704-382b08e82ffb,Nyamirambo,Gisozi,19.88,light,39.6,41.67,2.07
1a89749f-ff84-4715-acd8-b9bd6814b792,Remera,Kicukiro,4.56,heavy,16.55,14.83,-1.72
fbc783f8-d9de-4506-a655-f11263055bc3,Nyarugenge,Kicukiro,5.14,moderate,16.19,16.7,0.51
b586a824-a40a-40b7-afda-de3566992b2c,Kicukiro,Gikondo,12.28,gridlock,54.68,59.24,4.56
c20548e3-d360-4130-a538-30abe4a21205,Kimironko,Gisozi,17.05,heavy,53.2,55.93,2.73
a879b2fb-9c89-48a1-aac5-c84454a9cb44,Kimironko,Kacyiru,10.32,light,27.44,27.72,0.28
b1fc9a8b-8b30-4c80-ab34-640fa0cb50d8,Gisozi,Kacyiru,18.59,heavy,73.18,71.13,-2.05
550b2ed8-adbb-4efb-be5b-b918908546de,Nyarugenge,Kicukiro,1.42,light,3.88,2.9,-0.98
a36636ef-7a55-4d58-ac7b-e566bb94d86a,Kimironko,Nyamirambo,24.43,heavy,77.53,80.44,2.91
02767f82-3cf3-4a04-8cc6-6dc69786f3fa,Nyarugenge,Nyamirambo,1.61,moderate,6.04,5.36,-0.68
5f2dc226-3601-45f5-ab15-67ccfbd446a0,Gikondo,Nyamirambo,18.84,gridlock,97.68,103.44,5.76
65cf802e-74e6-4a10-bbfd-a8056902e90f,Nyarugenge,Remera,23.6,heavy,88.05,86.92,-1.13
3b452cc8-7fdb-4569-a737-a3a6ea6696b3,Kacyiru,Remera,16.71,light,37.11,41.51,4.4
a01aa170-871a-44dc-8a7d-f5d18df260f4,Gisozi,Kicukiro,19.29,moderate,52.21,49.01,-3.2
ffa0803c-5ee3-4137-89fd-64d6bd993d0d,Kacyiru,Kimironko,15.67,moderate,39.14,38.96,-0.18
52cb3c88-8dd0-4b01-8a90-0969077df88c,Nyamirambo,Kimironko,2.44,light,7.41,8.89,1.48
2123fccf-f286-411e-b861-05bbd63b9708,Remera,Nyarugenge,23.01,light,44.86,46.06,1.2
9c1d34c7-dc9e-4d0b-bea0-b818b0148644,Remera,Kacyiru,14.8,heavy,57.37,61.14,3.77
a8bf19d1-c261-424e-ba50-b0062253070c,Nyamirambo,Kicukiro,15.71,light,34.98,36.44,1.46
b1c44508-3c9a-43f6-8175-6fd73458e275,Kacyiru,Nyarugenge,1.27,moderate,6.61,2.48,-4.13
e3479408-62c5-4bc0-bb9b-67f8bd5338fb,Nyarugenge,Nyamirambo,27.5,moderate,83.78,82.33,-1.45
429ec720-c86e-46f2-ada1-a7a5e4239b6c,Nyarugenge,Kacyiru,27.63,moderate,82.87,81.71,-1.16
2bb47c37-5251-4564-a482-f5f2064aff29,Kicukiro,Kacyiru,17.07,moderate,51.46,51.63,0.17
b139ef50-a89f-487c-997f-7307c4a4bd9d,Remera,Gikondo,4.53,light,13.88,13.16,-0.72
60b9f48f-9f99-4520-a686-6659accefea0,Gisozi,Remera,26.75,light,66.5,65.82,-0.68
d2fc1e43-3a2b-4838-8383-70ec1f5b4124,Gisozi,Nyamirambo,24.13,moderate,61.14,61.08,-0.06
7f4677d1-963a-4630-b5a3-eddd85da2f1f,Gikondo,Nyarugenge,25.68,light,61.63,63.31,1.68
76bd71b3-682e-4950-9f8a-3df82938e3b6,Gikondo,Remera,19.13,moderate,49.2,46.66,-2.54
3bb98111-0921-4ed3-99ae-d8bcf29b8f95,Remera,Gikondo,23.28,light,52.85,52.5,-0.35
c2056dd5-18c7-42b2-8860-a394206fe638,Gisozi,Gikondo,18.25,gridlock,97.62,98.46,0.84
3de778bf-8760-4a60-8084-46897114ed06,Nyamirambo,Remera,24.63,moderate,61.5,61.51,0.01
74a95403-3fb2-4bbe-9c40-ce5f285a4812,Gisozi,Nyarugenge,23.25,heavy,73.54,77.94,4.4
9359c425-200b-4a43-b6fe-9205b56f32fd,Kacyiru,Nyarugenge,4.88,moderate,11.99,14.49,2.5
5cda870b-a9e2-472b-927d-73b06915cfd0,Remera,Nyarugenge,11.86,light,31.83,34.73,2.9
bbe6d8ec-edfe-4938-9942-7f9d8a1329f9,Kicukiro,Kacyiru,15.7,gridlock,69.0,68.43,-0.57
864d9c59-7d25-44f4-b17a-588b8127a90a,Gisozi,Nyamirambo,12.52,heavy,37.5,36.53,-0.97
f43f5e7d-d461-4c0f-bcfe-9cc7789645bd,Kicukiro,Gikondo,18.91,moderate,45.16,46.66,1.5
b542fc3c-3e83-489d-86e5-799cffc78ced,Kacyiru,Nyarugenge,26.53,light,60.59,63.85,3.26
79e75cfd-89bf-4ce5-b005-c65e1dd3c723,Gisozi,Kimironko,8.04,moderate,25.29,25.66,0.37
137649c3-d39b-4eaa-b358-d4694b1d13a2,Kimironko,Remera,5.22,moderate,15.77,16.08,0.31
23c1e0ce-9496-4550-bc99-33a18c7a0276,Gikondo,Remera,12.64,moderate,33.23,30.99,-2.24
1ec69177-daf0-447f-a184-e533c8050843,Kicukiro,Kimironko,6.89,light,15.43,17.52,2.09
6036e6e3-d336-41b1-b776-0f2f2e0761bd,Nyarugenge,Kicukiro,14.61,light,29.64,28.2,-1.44
43df0560-80da-4e33-99d9-b37691eae6d7,Remera,Kacyiru,14.03,light,34.31,33.44,-0.87
2a790845-c36c-4eb7-bb47-ebe44d9e1389,Gikondo,Kicukiro,16.63,light,44.25,41.35,-2.9
0a2a3073-f50e-45bb-b19c-f669a53490a5,Kimironko,Kacyiru,21.24,moderate,50.22,54.1,3.88
22aac200-066d-4b69-903a-0db96eb20103,Kicukiro,Kimironko,9.07,light,23.9,22.5,-1.4
9c7d154c-f2e5-4629-8105-469b9b8159be,Gikondo,Kacyiru,21.68,moderate,57.07,54.44,-2.63
6be6d0fb-caee-4658-8f78-3d6a9874016c,Kimironko,Kacyiru,17.11,light,40.3,41.61,1.31
305abc97-7367-459e-8e5e-d4443f292268,Kacyiru,Gisozi,2.97,light,6.28,6.92,0.64
fdf77a77-5e5d-4952-a0c6-0de400c18fba,Nyamirambo,Nyarugenge,6.82,light,14.19,11.92,-2.27
02ff3c7c-5452-47b2-a7ee-3aed955f8458,Nyarugenge,Gisozi,12.4,moderate,30.68,29.12,-1.56
e9b205b7-1311-4521-8f6c-f45fd29f2061,Nyarugenge,Kicukiro,26.14,moderate,87.98,89.15,1.17
0446ab05-8ea9-4750-8b66-9c92ce4fe057,Nyarugenge,Kimironko,10.95,light,21.84,22.17,0.33
63333a9c-1f64-441b-838d-1711a14532a7,Kimironko,Kicukiro,4.23,moderate,9.73,11.31,1.58
485aa4bb-f0d2-45d7-95cc-778bf70a95fe,Kimironko,Remera,3.4,light,7.8,9.87,2.07
98cb4d82-029d-4fc7-b8e0-b608907c47c0,Kicukiro,Gisozi,12.07,light,23.44,23.97,0.53
5656a62a-9a92-43f1-a520-f7c947a93f32,Kacyiru,Remera,13.23,gridlock,69.87,67.83,-2.04
67320617-a7b7-4f64-ae59-5aa3356efdf2,Kacyiru,Gikondo,7.0,light,18.02,17.52,-0.5
7b1b024c-8e51-48ec-bb58-8f023fcb2bbb,Gikondo,Kacyiru,13.33,moderate,30.97,30.6,-0.37
abfa4a94-2d93-460e-b643-0bd26ac7705d,Kicukiro,Remera,25.12,moderate,66.08,62.41,-3.67
59810a46-4877-4730-8a3b-d9110e9f9334,Gikondo,Kimironko,21.37,moderate,53.96,54.1,0.14
1897f726-7238-4e86-ab6b-7d4dcb05d931,Remera,Nyamirambo,16.45,moderate,59.35,56.78,-2.57
274b864d-f71c-49c1-b3b8-f15992bc3364,Gikondo,Nyamirambo,7.16,heavy,27.04,23.48,-3.56
1e8d7c25-7154-4971-9b34-5e9e9d4021ad,Nyamirambo,Remera,8.77,heavy,33.36,35.55,2.19
e9ef5f70-14aa-435d-b9dd-208aa3d61964,Kacyiru,Kimironko,24.61,heavy,78.19,83.15,4.96
3708bd09-6418-4087-a74b-f9b889b16d17,Kacyiru,Gisozi,22.02,moderate,66.67,67.1,0.43
45438d0b-4f99-42eb-aa7b-a0e62d2df148,Nyamirambo,Gisozi,27.59,moderate,70.09,68.29,-1.8
31862883-77ef-44fc-95e5-0df0ee371d8a,Kimironko,Kacyiru,17.2,light,47.28,49.07,1.79
930e8177-c2c8-4b2a-8874-c3149ad5976b,Nyamirambo,Gisozi,8.99,light,23.24,22.76,-0.48
c5e73291-4dd0-4f67-8233-62dc6764422a,Nyarugenge,Gisozi,23.49,moderate,71.98,68.76,-3.22
87e71fda-3d2d-49c8-acf8-216464325ac4,Nyarugenge,Kacyiru,23.5,heavy,100.98,104.75,3.77
cba5f6ef-e94c-4489-b066-0af30e1a8891,Nyarugenge,Gisozi,15.29,moderate,63.44,61.29,-2.15
f3098e66-b45c-4da2-bab9-762c7faa02c8,Nyarugenge,Remera,27.99,heavy,93.68,90.91,-2.77
8c2d5e81-d1f4-4fe5-934e-00fa9f0ca48b,Gisozi,Kicukiro,3.52,moderate,10.06,10.15,0.09
809f7dac-c2c2-49f7-b41d-b9e52715828f,Nyarugenge,Gisozi,22.6,light,58.76,54.82,-3.94
af45000e-484a-4947-9444-494a37850d06,Gikondo,Remera,25.82,light,54.19,52.7,-1.49
9cc48815-4008-4335-96c1-dec049267cdf,Nyamirambo,Kacyiru,10.81,heavy,33.52,36.11,2.59
62687f48-9d0e-4870-a800-146c89e5e8f3,Nyamirambo,Nyarugenge,8.07,moderate,22.09,24.72,2.63
ffaedbb8-8017-49a2-bc8b-2d440faba4dd,Nyarugenge,Gisozi,1.54,light,2.0,2.07,0.07
d52e7a5a-fa8c-4449-a158-8067a5c7c26f,Kicukiro,Nyarugenge,5.84,moderate,14.17,12.9,-1.27
91e95793-60e2-4f09-9c36-8888b96e79b7,Remera,Gikondo,2.49,light,8.77,7.56,-1.21
eb5f2e43-ee88-44cc-bd1d-783ea3fa5892,Kimironko,Remera,14.2,heavy,56.51,59.49,2.98
e0b83246-898b-45a8-9d01-15ba4f006983,Kacyiru,Gisozi,8.08,heavy,33.63,32.67,-0.96
23e03fca-35c8-4ff1-99be-8dff7a93992e,Remera,Kacyiru,24.66,heavy,91.76,96.09,4.33
da9fdeab-5d12-4e3b-bb08-748cf6a31296,Gikondo,Remera,5.35,moderate,13.89,16.1,2.21
937f9dd8-694f-4c0f-ae9d-57f4875accea,Kicukiro,Kacyiru,6.67,moderate,17.4,19.54,2.14
8c091f92-b1d3-40ef-872e-d4b20e152b06,Kicukiro,Nyarugenge,2.7,light,3.82,5.56,1.74
fd8c166d-e9b3-4180-81b9-c717de5d3b1e,Nyarugenge,Gikondo,14.26,moderate,39.91,44.34,4.43
791203bc-a0c6-4d31-8b81-aef43d5d893b,Kacyiru,Kicukiro,1.24,moderate,4.27,2.32,-1.95
04daac28-a0c0-49a9-96f0-068053a67ace,Kicukiro,Gisozi,10.41,heavy,50.58,48.0,-2.58
21f86b6a-c66f-4ec3-981a-c8ea964c1730,Kacyiru,Nyamirambo,10.84,light,21.79,20.69,-1.1
1273f927-1a3b-4c87-9558-714819949d4f,Nyarugenge,Kacyiru,13.21,light,25.21,27.35,2.14
6a906721-4c38-425c-9719-63dc0c7183ba,Kacyiru,Nyarugenge,6.54,moderate,16.37,16.46,0.09
dfcab30e-eff3-4f28-8159-105725553dbf,Nyamirambo,Kicukiro,23.83,heavy,78.02,80.44,2.42
b7272f15-9f20-4a03-b310-e01cb9a55ae3,Gisozi,Remera,18.77,light,50.25,53.7,3.45
e087ae91-c98c-4570-a2d1-c3937e60c0fe,Kicukiro,Gikondo,9.31,moderate,28.78,28.75,-0.03
69f3fead-251a-42ce-8944-2ddcf3a98a30,Nyarugenge,Gikondo,1.25,heavy,6.41,5.64,-0.77
c571188a-4d38-4bf3-af0b-d2b413ee5af8,Gisozi,Kicukiro,19.63,light,48.58,48.23,-0.35
26983c78-44dc-4262-8c0f-311d69c5578b,Kicukiro,Nyamirambo,24.62,light,62.01,61.05,-0.96
ebe5edb1-6470-4cba-9a18-c31606c9fe87,Kicukiro,Gisozi,14.99,heavy,59.5,60.8,1.3
0652aa6c-2a3e-43b2-aab6-ac71ebedad15,Gisozi,Gikondo,1.46,moderate,5.79,2.22,-3.57
2bc2017a-2245-4891-a38e-04a884d5a73d,Kacyiru,Nyarugenge,12.26,gridlock,62.67,68.77,6.1
4e7738cd-802a-4dbc-9eb5-7ae9316e934d,Nyamirambo,Gisozi,22.61,light,46.7,43.08,-3.62
a22ba7bb-0f11-47d4-9d5b-1322711bf31c,Nyarugenge,Gikondo,13.83,moderate,35.5,32.5,-3.0
a24ebe27-b792-47d3-8b15-5697d0d8d082,Gisozi,Gikondo,10.82,heavy,39.31,41.57,2.26
99e0bb33-e5b9-44e9-8306-834932dd8b41,Kimironko,Gikondo,2.51,light,6.66,7.21,0.55
91cddfd7-4975-4a9a-9238-a94b83712ebb,Kacyiru,Kicukiro,19.22,moderate,47.51,47.91,0.4
a9550175-0c1b-40e9-ac40-e09b69478e8d,Nyamirambo,Remera,22.41,light,46.64,44.21,-2.43
cc8683e8-626c-43a1-9c83-f932f9097617,Kicukiro,Nyamirambo,22.8,light,54.29,55.98,1.69
8b902692-530c-4969-98b4-52207ea1863a,Kimironko,Remera,10.52,heavy,43.41,42.42,-0.99
dd4f5adb-2899-4046-8f61-f1fa86093999,Kimironko,Kicukiro,10.99,light,29.37,29.21,-0.16
4a36c4ee-2e1f-452b-a358-6bbe02ef61d9,Remera,Kimironko,17.63,heavy,56.61,56.14,-0.47
bde905cc-ce22-4dfa-bb4e-5718f1f0c619,Nyarugenge,Kimironko,1.1,heavy,2.94,2.46,-0.48
b169e91d-e8b9-4e5d-a510-ab6130ae37f6,Remera,Gisozi,12.18,light,23.5,23.97,0.47
8cd78bd3-d308-463d-827e-87ca2763eba0,Nyamirambo,Kimironko,12.31,moderate,32.64,29.12,-3.52
a9a5372f-d4f5-4691-ba13-ae5ee132c521,Kimironko,Gikondo,24.8,moderate,74.44,73.47,-0.97
71f141ad-0b55-41c1-8e13-beb981847fb4,Remera,Gikondo,20.83,light,41.89,40.5,-1.39
9683ed7c-686f-43b6-aaed-c36d75d18196,Gikondo,Remera,6.07,light,11.14,10.04,-1.1
047ea5fc-a2cb-441c-8c38-f8e8bbf767a7,Kacyiru,Nyarugenge,2.96,heavy,8.96,8.43,-0.53
97d9caed-20f8-4e75-98f5-084c528cda48,Nyarugenge,Gikondo,3.69,light,10.07,8.36,-1.71
9d0870ce-082a-4515-af0b-2dce2788a391,Gisozi,Gikondo,5.84,heavy,21.23,22.75,1.52
bc7e68a7-736d-4919-9e4f-d2075f77d2ee,Kimironko,Gisozi,17.64,moderate,40.74,42.22,1.48
82eaab4e-18a3-4cde-a89e-695806a2486c,Gikondo,Nyarugenge,16.81,heavy,65.34,65.64,0.3
bafb2d1c-0d9d-4559-a45a-1087a490252c,Nyarugenge,Remera,6.15,moderate,13.93,14.56,0.63
22fcbef7-fe4f-46b5-9faa-9e6e6ccaefac,Gikondo,Kimironko,6.65,moderate,19.89,20.64,0.75
713ed979-4482-48b9-98e0-ded106673849,Gisozi,Nyamirambo,19.13,moderate,50.78,47.46,-3.32
9f39dd20-f311-4503-940d-4a1921c9a73e,Gisozi,Nyamirambo,21.53,moderate,54.34,54.1,-0.24
323ab3e6-273e-492e-bf8b-3ec6d7ec07d7,Kacyiru,Nyamirambo,15.65,gridlock,82.64,78.42,-4.22
1fa402df-6325-4521-8817-d5e00fb48100,Nyamirambo,Kicukiro,18.36,light,46.13,42.49,-3.64
2e12af5b-83fd-4da2-b4e9-825ef6f27e5f,Kicukiro,Remera,2.98,gridlock,19.64,15.2,-4.44
1b014b65-4fbe-48b7-a80d-029450a1cc86,Nyamirambo,Kimironko,25.47,gridlock,179.41,179.98,0.57
513c6e87-3afd-499f-9915-8dd4b7c6a2dc,Nyarugenge,Gikondo,10.63,gridlock,48.85,40.2,-8.65
f23442c7-a9be-499d-a12f-c82936782096,Gisozi,Kacyiru,3.76,moderate,9.18,11.96,2.78
1d222b39-4ef7-4fd0-b537-97de70d0b135,Nyarugenge,Gisozi,19.2,light,45.18,43.47,-1.71
4d33d7ef-6ed8-4b18-957f-f2e7db86f987,Kacyiru,Kicukiro,8.92,moderate,28.81,28.36,-0.45
3eeeeeb2-2eee-4393-8806-63045e237bc5,Gisozi,Nyamirambo,7.71,heavy,35.69,38.75,3.06
5dad9181-06c5-41ca-9bbd-fa90a7506af1,Nyarugenge,Gikondo,18.97,heavy,60.39,60.21,-0.18
baa5e346-c66f-400f-96aa-20c22f978228,Kacyiru,Gisozi,18.13,moderate,47.34,43.45,-3.89
c27f6328-62c4-490d-a6ab-56bbc12737fc,Nyamirambo,Gikondo,13.85,heavy,45.51,39.84,-5.67
f842ca2a-9ae5-4e2f-8598-e09251ff0cfc,Remera,Kicukiro,8.15,moderate,19.44,20.01,0.57
35d9eeaa-0561-4c2c-9721-58868f89e06b,Kacyiru,Gikondo,23.2,heavy,86.63,89.99,3.36
1fef8a70-1b89-46eb-8f64-24fecd69ae56,Remera,Kicukiro,13.69,moderate,42.02,39.54,-2.48
f7df9847-8205-405c-8d75-acb2da86e338,Kimironko,Remera,12.1,light,23.05,23.97,0.92
7d330cec-c6da-433e-966a-261c9ada8a12,Remera,Gisozi,24.02,light,46.85,49.08,2.23
293d7429-9663-4fb4-ba10-60543fe04496,Nyamirambo,Kicukiro,24.63,light,57.22,60.81,3.59
24211b69-e0ac-4b0d-b120-d86774469f31,Kacyiru,Remera,24.31,light,57.52,58.47,0.95
0807e5f5-f165-4e2b-a23c-8fe2dc4216be,Gisozi,Nyamirambo,23.9,gridlock,125.12,137.77,12.65
e47a401c-c58d-4e76-b86c-a3b791dfcfae,Remera,Kacyiru,3.48,moderate,10.37,11.96,1.59
cf1b9aa2-3ee9-4432-a17c-6ddb28be0dca,Gisozi,Nyarugenge,20.93,moderate,63.29,60.83,-2.46
24a3e803-ab6f-4b85-ad6a-21378cc1dbeb,Kicukiro,Nyamirambo,27.5,light,65.27,66.24,0.97
a0a08040-bbd1-4998-98fa-f5b39e2634e4,Remera,Gisozi,2.08,heavy,5.56,8.78,3.22
376408b3-ace6-427d-b55f-600d14b4c66b,Kimironko,Kacyiru,24.76,light,57.23,61.05,3.82
c2259266-8493-42ba-a377-3cfbbf234626,Kicukiro,Gisozi,18.5,moderate,44.9,43.45,-1.45
cc7c235e-0caa-4ee4-83ac-6bb604825911,Kacyiru,Kicukiro,23.29,light,54.96,55.87,0.91
ea1cfc8e-0bc2-480d-872c-5ddffd6545c3,Nyamirambo,Kicukiro,22.75,heavy,73.42,75.19,1.77
c9c7de89-2536-4d0e-95d9-6fde24ca49d9,Gikondo,Kicukiro,12.3,light,23.49,23.97,0.48
bdb72490-35b4-4a9c-854d-9efd4acadce6,Remera,Kimironko,27.11,light,56.86,52.9,-3.96
97b2badb-b46e-48be-84f8-c65460994cfd,Nyarugenge,Remera,12.84,moderate,51.44,51.61,0.17
98bda82f-e08d-4066-b3c5-d8e59fb6da3a,Remera,Gisozi,7.88,moderate,25.89,24.72,-1.17
0cde5cf8-8901-491e-9d86-47a30bab5c3a,Nyarugenge,Gisozi,8.91,light,18.18,18.61,0.43
cec36a40-6d20-434c-b6ee-6be26a594687,Gisozi,Remera,6.39,moderate,16.99,14.58,-2.41
7eff0b6b-8fa5-40dd-b495-7b164a47060a,Nyamirambo,Kacyiru,15.31,heavy,47.14,53.22,6.08
7dcc2776-24f7-4aaf-9a2c-598193987446,Gisozi,Nyarugenge,7.1,moderate,23.27,19.54,-3.73
4c78051f-6b3e-4a01-806d-7d8f6c078f7b,Kacyiru,Gisozi,15.89,gridlock,81.33,78.42,-2.91
ffd953cf-b1a5-4e7e-a994-909bcc0e209f,Nyamirambo,Kicukiro,13.79,light,32.37,33.44,1.07
16881db9-ef84-47f6-b497-44d75f01bf78,Nyarugenge,Gisozi,11.09,light,26.93,27.99,1.06
c41f610a-3bab-467e-87e2-cba79176e833,Gisozi,Remera,10.74,light,25.97,25.69,-0.28
d22d9505-c0ca-4871-89ca-b6da4d881a5b,Gikondo,Gisozi,3.72,light,10.55,10.53,-0.02
c311b949-3f8b-4879-9fdc-b06d7f9faba9,Remera,Nyamirambo,8.87,moderate,25.79,28.36,2.57
b11f4463-8c3a-443e-bd53-d41849722951,Kicukiro,Nyarugenge,24.78,moderate,85.72,84.2,-1.52
1eef8169-7f6c-42b7-a2cd-e170f293d81f,Nyarugenge,Kicukiro,17.31,light,41.87,41.61,-0.26
92c56bdb-bec5-46c9-a47e-fea14e2833b6,Remera,Kacyiru,19.44,moderate,63.32,58.81,-4.51
381ede4b-7467-4da4-8b0b-10481c1445fe,Kimironko,Kacyiru,19.6,light,37.47,39.27,1.8
afebe8d6-e6c4-4537-8a95-e426d9bac667,Nyamirambo,Kimironko,11.0,heavy,34.16,35.27,1.11
a49e2e62-bc95-46cf-83ff-c380ebe39f9a,Gisozi,Remera,20.49,moderate,64.19,62.31,-1.88
30ddcd0c-01ab-4ab4-a1b4-71b0e681f04b,Gisozi,Kicukiro,7.9,heavy,28.86,33.13,4.27
59742ca7-16dd-4413-a5b8-7bde3438653e,Nyarugenge,Remera,11.43,heavy,43.79,41.7,-2.09
95788c03-53c9-4e79-b4f5-2276cd611e2d,Gikondo,Remera,8.45,light,17.44,18.12,0.68
9a4d5e89-1abb-439d-9ed9-95a66cef6426,Nyamirambo,Kacyiru,22.08,light,49.15,54.39,5.24
dfb7d152-142e-455a-a387-9fe493e3f0ad,Kimironko,Gikondo,10.68,light,22.14,24.45,2.31
c5aca1f8-0bad-4f4b-835f-74adfbd1c575,Gisozi,Gikondo,25.49,heavy,129.39,130.58,1.19
0b8dce3e-a30e-4407-9e2a-c3964526bd14,Remera,Gikondo,22.78,light,50.67,46.06,-4.61
bcdca70f-f2ed-4941-876a-f3a6362ea7f0,Remera,Kimironko,22.13,moderate,55.84,55.84,0.0
3491002d-370d-43ab-b9f3-fd4eef2b835b,Gisozi,Kimironko,26.27,moderate,83.2,82.23,-0.97
8ff7fdef-583e-4ac9-a05c-66fa589d2cb2,Kimironko,Kacyiru,16.15,light,33.36,33.11,-0.25
88898772-d804-4d99-b75e-beefffcf2b1e,Remera,Kicukiro,7.97,moderate,29.63,33.35,3.72
b9ac98b0-32e0-4c9c-83d1-47c37d08a86e,Remera,Kicukiro,21.53,heavy,79.93,85.73,5.8
047a3839-a083-4412-9e2b-59064731814f,Nyarugenge,Kimironko,8.56,heavy,33.68,36.07,2.39
84a4cc2c-9cb4-4efc-b4bf-00cb83ef43cb,Remera,Nyarugenge,22.9,moderate,66.74,68.76,2.02
12198baa-0095-42bb-9b71-b872a5464b03,Nyamirambo,Remera,23.08,gridlock,117.52,130.53,13.01
94a08548-6c04-4f9e-a160-4d06584d799f,Remera,Gikondo,16.29,moderate,47.26,49.95,2.69
1c6a41bb-150c-4f4b-a8d1-b939e5abc276,Kicukiro,Kimironko,27.29,gridlock,140.44,145.2,4.76
d82fefcd-e557-49c2-907e-25c1897bbed5,Nyamirambo,Nyarugenge,13.52,gridlock,73.44,71.0,-2.44
415091c8-340d-4112-a3b8-384d20d47274,Gisozi,Remera,14.43,moderate,36.18,37.28,1.1
49040616-c65b-4dc8-a2a6-6472da1c04aa,Nyamirambo,Remera,17.07,moderate,53.59,51.65,-1.94
63b18d2a-dad5-42b3-b621-bab3236aa6bc,Remera,Kicukiro,24.9,moderate,60.36,61.51,1.15
37e6b6cf-7bbb-4a03-9842-0c0ff34aa582,Gikondo,Gisozi,8.21,light,20.44,21.14,0.7
391698ef-a88c-4b72-8ce3-275ca1a2b97f,Kacyiru,Nyarugenge,17.65,moderate,41.2,42.22,1.02
3d83df9c-1ad8-41a3-8e42-b4d3503b1729,Kacyiru,Remera,19.69,moderate,56.05,58.66,2.61
48aa439c-8159-4ca5-a886-c5029d8fc5e8,Gikondo,Kicukiro,19.92,light,45.87,48.23,2.36
e37a156a-18d3-4393-a76c-f1803f4d01f4,Gikondo,Kacyiru,2.44,moderate,5.93,6.52,0.59
fc8402a3-783b-4f3f-b8b4-be00be128f0b,Kacyiru,Nyarugenge,21.81,light,54.08,52.31,-1.77
18588fcd-ee81-439e-883b-5e6a99029a04,Remera,Nyarugenge,5.41,moderate,17.52,18.04,0.52
10851ddd-63dc-45e2-a010-3c2536e5b639,Kacyiru,Kicukiro,20.75,moderate,73.95,68.78,-5.17
2a84b368-9fb5-439e-9012-a9c00ef2ed03,Nyamirambo,Gisozi,3.14,light,4.77,4.43,-0.34
098f89e7-7e97-4feb-9cff-bbe2882f5d8f,Nyarugenge,Kimironko,22.77,heavy,74.24,77.94,3.7
88ec0fde-e8f3-44e4-b78b-d30f843ddbfd,Gisozi,Gikondo,12.19,moderate,27.72,29.12,1.4
8254a23a-57db-4186-b1c0-2ffe14cde55a,Gisozi,Kicukiro,5.41,heavy,16.93,13.84,-3.09
863a5a95-4a6f-478c-a029-f184b0b2d80a,Nyamirambo,Kacyiru,22.68,gridlock,104.53,111.68,7.15
7d34c9fa-bb25-480f-afb7-322f7bb18811,Gisozi,Nyarugenge,19.47,moderate,49.81,48.69,-1.12
2e048b41-235d-497b-b307-cc54d86e3827,Nyarugenge,Remera,1.29,light,2.0,2.9,0.9
ba126cb8-2230-4257-8cbb-4d4aa5635c8e,Kicukiro,Remera,6.16,moderate,18.36,18.76,0.4
164ab9be-cac9-4719-bf9c-b648b019d639,Kimironko,Gikondo,11.53,moderate,35.19,33.86,-1.33
7e401acf-23ba-447a-ad1d-ce5fbbd48270,Gisozi,Gikondo,4.98,light,9.63,12.56,2.93
e375afe1-d84c-402b-a095-aaa57c69594c,Nyamirambo,Nyarugenge,16.31,moderate,40.06,40.54,0.48
d35b51c4-fece-404e-b7d7-1708060eeca2,Gisozi,Kimironko,22.27,gridlock,139.31,143.85,4.54
7f40ed73-0d8d-4bc4-9967-7003c4b76931,Nyarugenge,Gisozi,11.76,light,28.29,29.74,1.45
092c066e-3ba8-4c14-b6fe-96cd1caa70fd,Gikondo,Nyamirambo,1.06,moderate,3.1,2.22,-0.88
ae853973-4a5b-4734-9c1a-b92faf7f3e16,Nyarugenge,Kicukiro,24.92,light,59.68,59.31,-0.37
9561e2d3-6adb-4947-88c2-fdf67c5172af,Nyamirambo,Nyarugenge,4.81,gridlock,22.99,25.42,2.43
319bd22e-9937-4086-8d16-4d98a8a2bb67,Gikondo,Gisozi,11.81,gridlock,84.92,87.5,2.58
86dce000-abae-4b95-a3d7-3f128de16649,Kicukiro,Nyarugenge,6.27,heavy,23.31,21.53,-1.78
5e09eddc-3939-4cfd-9914-5f659e3d30f7,Kacyiru,Nyarugenge,11.47,moderate,34.38,35.1,0.72
4a6405a7-fe27-438d-b4bd-c96b1a8a3c83,Remera,Nyamirambo,5.25,heavy,23.39,22.31,-1.08
35114795-72e4-409d-a0ab-1122a079eec8,Remera,Kimironko,4.86,gridlock,25.55,31.36,5.81
335c5878-deb4-4e96-b608-e680a7244bee,Remera,Nyamirambo,18.08,moderate,54.57,54.23,-0.34
e767e2bf-4f19-4f41-947b-7449f6db7c64,Kacyiru,Nyamirambo,24.05,gridlock,171.04,170.15,-0.89
1283e471-b75c-470b-9d20-e23dbb6ab554,Kimironko,Nyamirambo,15.39,moderate,48.6,47.83,-0.77
8844e3f0-428e-4065-9c1e-86812981cd59,Nyarugenge,Gikondo,21.39,light,52.38,51.29,-1.09
1b29d959-cd5b-485a-863a-760bd6f26e11,Gisozi,Kacyiru,22.34,gridlock,97.3,94.67,-2.63
77d51103-40eb-4f45-9bb9-fd01abeb02eb,Kicukiro,Gikondo,10.51,moderate,24.96,26.67,1.71
a9481ec5-e930-481d-a7f8-70f9dd9fbbe1,Nyarugenge,Kimironko,25.94,heavy,98.18,99.25,1.07
b285ca0d-ebd7-4935-9206-856755997ad1,Kicukiro,Nyamirambo,15.09,light,33.33,37.81,4.48
4afa2727-a054-4c33-8876-66acc7eb3208,Gisozi,Kacyiru,11.85,moderate,38.37,35.12,-3.25
8994f3c3-fff8-4716-9dd5-ebaa2c5a9277,Kicukiro,Nyamirambo,3.22,heavy,13.22,13.03,-0.19
144e003a-7e9b-4352-b009-94adb972c73a,Nyamirambo,Kimironko,3.48,moderate,7.75,11.96,4.21
5d2afee6-68cc-4bab-92ef-999482c21d3e,Remera,Kacyiru,3.99,moderate,11.63,14.76,3.13
1e1e6fee-5e61-4100-8f0c-8d6feadc8c3d,Kicukiro,Nyarugenge,9.84,light,19.99,19.93,-0.06
6c7939a2-9057-4990-8b74-b0570dcaa7bc,Gisozi,Gikondo,2.04,moderate,6.39,6.87,0.48
6244d891-5b5f-4072-bd25-4317a2698039,Nyamirambo,Remera,3.74,heavy,13.11,10.4,-2.71
9efa46ff-23d7-465f-ba53-eb77d8256a8e,Kicukiro,Remera,8.89,light,20.26,22.76,2.5
f9b60a2c-9046-4e58-8b81-6941d2fa4994,Remera,Gikondo,8.96,moderate,25.21,27.41,2.2
3c98ae93-83c4-4222-87ba-4965c659eb79,Gikondo,Gisozi,23.72,moderate,73.47,72.7,-0.77
fe72b098-d390-41a7-8990-7292ed6c8543,Gikondo,Kimironko,5.86,light,15.57,15.2,-0.37
d1e3421e-a53e-495e-9ddf-17899a62f613,Kicukiro,Nyamirambo,4.87,moderate,13.2,15.3,2.1
a26e6fa4-47dc-4b97-9729-9eeedf5e436a,Kimironko,Kacyiru,14.63,heavy,50.15,51.84,1.69
6f48e597-d0c2-4009-91b8-02714fa8f648,Kimironko,Gikondo,15.49,heavy,77.42,79.9,2.48
a8b35607-346f-4c41-928a-2ce982c593a3,Kimironko,Gikondo,7.61,moderate,17.77,20.01,2.24
0a6d699a-3494-4ee4-b72c-46087ba7f785,Gikondo,Nyamirambo,15.53,moderate,38.74,38.96,0.22
d156c331-bf1c-4c81-a540-9a9ede296f71,Kimironko,Kacyiru,27.97,heavy,89.99,86.93,-3.06
8518712c-38e2-40dc-b090-e89d9ab92953,Gisozi,Gikondo,27.77,heavy,89.44,86.93,-2.51
196bd4b0-fb10-43b8-ae2c-9d18456716f2,Nyarugenge,Nyamirambo,6.19,light,15.45,15.2,-0.25
ed4f9dd1-c218-4d35-b752-d5f9fbc27fe3,Kacyiru,Nyamirambo,24.17,heavy,94.78,93.53,-1.25
ecfa7dcd-ac7f-4f0a-8ecb-1a93309d56d1,Nyarugenge,Kacyiru,24.87,moderate,72.26,72.58,0.32
8824ffb7-9dfd-4099-91a1-6c078c321033,Gikondo,Nyamirambo,17.27,heavy,56.62,57.6,0.98
9fc2cd95-55d1-4444-b127-5122594e5fce,Kacyiru,Remera,8.75,moderate,20.35,22.7,2.35
ccdbb31e-e6a0-4be9-8111-d33cbc4c7fb7,Nyamirambo,Remera,21.14,heavy,81.96,84.34,2.38
1c57e832-878e-45bc-9ce1-9d1d6bebc542,Nyarugenge,Kicukiro,2.95,moderate,10.86,12.41,1.55
aec3a506-c4a9-4903-9fa4-4f993e16a92b,Remera,Kimironko,18.16,light,44.79,41.96,-2.83
a0c5f868-2182-4714-bb75-7f3f657c09e8,Nyarugenge,Kicukiro,24.2,light,48.32,47.87,-0.45
8a6a8083-750e-4ff4-b820-24e682a034f4,Nyamirambo,Gikondo,13.21,moderate,36.88,30.99,-5.89
488afa5e-f69c-486c-9fb5-c761299eba45,Gisozi,Kicukiro,22.41,light,61.17,60.85,-0.32
9a87dc19-dca9-461a-b440-61046a4e9473,Gisozi,Kicukiro,11.13,light,28.46,29.21,0.75
b1294e48-aec8-4b50-817d-b6ba24e4d182,Gisozi,Nyamirambo,26.21,heavy,100.98,101.43,0.45
9c83e666-5757-49a4-977f-2bd531512ab5,Remera,Gisozi,10.14,light,19.62,19.93,0.31
2683eba7-8f60-4bc7-9c74-0c770ca532b9,Kimironko,Remera,23.09,moderate,81.18,80.38,-0.8
e148d919-e2e1-4005-a730-ca1908e85b53,Gikondo,Gisozi,21.75,moderate,54.07,54.1,0.03
44cefa5f-f7ae-4cb5-9363-d7c105019882,Gikondo,Gisozi,18.12,moderate,46.1,45.14,-0.96
c4217129-da89-4b9c-8cbf-04f0932bfacc,Kicukiro,Kacyiru,22.84,light,66.4,67.92,1.52
8a5ed06d-7ea3-47dd-9a31-6403d964d7a8,Kicukiro,Gikondo,15.18,light,31.57,29.96,-1.61
f2192ed9-3c16-4d55-ba00-e4fcb191c5f9,Kicukiro,Gisozi,23.16,light,54.89,55.53,0.64
19a3a298-af7c-4e13-bf74-343410f80f8f,Nyarugenge,Kimironko,19.29,moderate,58.88,55.61,-3.27
0882bcd1-43ba-4a14-b244-ef6cc97442fc,Kimironko,Nyamirambo,13.77,heavy,41.98,39.84,-2.14
82902bb5-008b-40c4-bd15-be84061d5b19,Kicukiro,Gikondo,9.5,light,24.84,26.66,1.82
b601e237-823b-41f8-96e5-2b00dd8590e2,Kimironko,Kicukiro,19.11,gridlock,117.77,114.47,-3.3
849bc810-2bce-4b80-8b36-4e462d6b81a4,Gisozi,Kicukiro,22.25,heavy,88.32,85.84,-2.48
74a9ec75-4988-4e13-942e-da67decc906c,Kimironko,Nyamirambo,21.63,light,44.62,42.78,-1.84
81f3b601-9885-4ddd-a855-efc17eb54d99,Nyamirambo,Kicukiro,22.84,moderate,57.2,58.58,1.38
66940444-783d-4ddf-97d0-fb93c51fc1dd,Gisozi,Kicukiro,11.01,heavy,50.38,50.71,0.33
5a7e8256-332a-4f4f-92da-63a36d54ef8b,Remera,Gisozi,6.82,light,19.9,21.37,1.47
c55aed8b-b548-44d6-9b56-18a230136a0f,Kacyiru,Gisozi,27.44,gridlock,142.39,138.23,-4.16
15806ae2-28e8-4d09-82bc-e8b8a39bba8b,Kicukiro,Nyamirambo,20.83,light,50.94,53.89,2.95
e17b98c0-d9cc-48ca-9d4f-ee0174fce611,Kacyiru,Nyarugenge,19.45,heavy,72.69,75.08,2.39
70a5b228-a3cf-4096-9e84-e7279182b024,Gisozi,Kicukiro,24.82,heavy,96.23,95.2,-1.03
4b9ccb7a-9875-41b1-87e2-fea17f7cfa82,Kacyiru,Kimironko,20.94,heavy,79.73,75.58,-4.15
c9f3266e-4824-40b7-835a-68ae96437f53,Remera,Nyarugenge,15.84,moderate,41.59,39.53,-2.06
79897357-4851-4239-aa6d-31b412906a53,Kimironko,Nyamirambo,19.35,light,53.69,55.13,1.44
c65cd0d5-a3fe-4ed7-8376-4aa8895360bf,Gisozi,Kicukiro,8.55,moderate,21.22,22.59,1.37
ca2ae68b-f3da-4b1d-a08b-29e6e79512e0,Remera,Kacyiru,8.16,heavy,30.86,32.67,1.81
9cf3b8c4-b925-447e-99b8-81c487477e04,Remera,Gikondo,7.3,moderate,16.9,16.46,-0.44
e0612e62-f894-404a-9c84-2b2e437a3bfc,Nyamirambo,Gikondo,7.48,light,21.07,24.44,3.37
fcc8f596-2f8b-4caa-b5e4-2e2f1d3d5cb0,Nyarugenge,Kicukiro,22.68,gridlock,100.07,98.84,-1.23
9fbf350f-fc67-4270-95b8-18c1cf5cd42f,Gikondo,Gisozi,14.07,moderate,43.04,39.54,-3.5
12cdd915-21b6-4956-bf02-a32655e2c624,Nyamirambo,Gisozi,13.87,moderate,33.08,32.5,-0.58
d93660b0-6962-40a3-a828-408496cddd9f,Nyamirambo,Kacyiru,12.16,moderate,37.8,35.12,-2.68
5b70b923-703b-4def-8950-d53e41b5a0e9,Remera,Kimironko,4.32,heavy,22.41,22.32,-0.09
aed93c98-7fbb-403a-870f-22a2faa6058f,Kicukiro,Nyarugenge,7.64,moderate,17.98,19.38,1.4
2cecca64-9ba1-4c38-a74c-53f3616a80f5,Gisozi,Nyamirambo,12.85,light,28.63,26.33,-2.3
92f7a9ea-bdad-413b-adee-8cbb2de1743a,Gisozi,Kimironko,8.78,moderate,29.35,32.04,2.69
e5e1abef-eaf2-4a37-bd6e-22ae56eb0c84,Gisozi,Kimironko,1.19,heavy,6.1,10.25,4.15
e3bd3e62-ab93-4ec5-b02c-4c862874a9b8,Nyarugenge,Remera,6.31,moderate,11.75,14.56,2.81
953bfb91-1e00-4a41-b111-d0868fa38a70,Gikondo,Nyarugenge,25.88,gridlock,137.88,128.68,-9.2
33cdf71c-caaf-4d51-872c-258973d0b3db,Remera,Kacyiru,23.66,moderate,70.79,72.7,1.91
fc851b7b-03bd-4f1a-a783-742624bfe19e,Kicukiro,Nyarugenge,21.13,heavy,94.79,100.47,5.68
4b91130e-bd0c-46ad-b62d-4c515a5ffcf0,Remera,Kimironko,23.49,light,44.94,45.73,0.79
95846da1-9aba-4a2b-b63f-11bd88b1332e,Kimironko,Kicukiro,3.47,light,9.61,8.71,-0.9
214eef4e-ec03-4cda-aae7-2e8d368f6b72,Nyamirambo,Remera,23.31,light,77.02,76.06,-0.96
a66182d9-a65b-4fef-9d3f-dea286edd2fe,Gisozi,Remera,13.99,gridlock,72.86,71.0,-1.86
0aed1647-36d8-4e4b-9eb0-fdc849f12a38,Gikondo,Kacyiru,15.18,light,33.71,37.81,4.1
f2102a0c-b2d9-449f-ad0a-9605c3647b9f,Kimironko,Kacyiru,17.8,moderate,56.87,55.82,-1.05
d1aec5fe-ae6b-48fe-b103-ccfa27fa1b63,Kicukiro,Remera,15.65,light,31.97,29.96,-2.01
22488eb3-fae6-437c-b529-b475c387a13a,Kimironko,Remera,8.13,moderate,19.85,20.01,0.16
50195124-c2dd-4a65-a3b0-d610adf0d0d2,Nyamirambo,Remera,1.8,light,9.43,4.53,-4.9
b9ab4eb0-eb36-4c3b-aa1d-39d57a4fe878,Gisozi,Kimironko,11.06,heavy,51.6,50.66,-0.94
3daac321-b2d4-4554-97e4-6677f9c89eb7,Kicukiro,Kacyiru,2.17,gridlock,13.27,4.61,-8.66
6fc5be56-b2d1-4da1-ae49-2c5aea5ea64b,Gikondo,Kacyiru,12.3,light,30.09,34.41,4.32
0b75262a-27b6-44d0-8de4-6b24502670e8,Kimironko,Gikondo,1.28,gridlock,5.6,8.18,2.58
8ec354a2-17ae-4662-970e-90b6bb6b053d,Kicukiro,Kacyiru,3.39,heavy,11.94,9.26,-2.68
f3aaa603-2223-4fa5-a0fb-5586920b3c5c,Kacyiru,Gikondo,12.51,gridlock,64.29,66.19,1.9
d2210266-2eb8-4ceb-b5c3-b71963955fd0,Kicukiro,Kimironko,3.19,moderate,6.39,6.82,0.43
1816e314-0be1-44eb-ae7b-9f5c5c075d7a,Nyamirambo,Gisozi,21.14,moderate,49.16,54.1,4.94
8ec97fd3-eae6-47fd-a6a0-1b5225337d2d,Nyarugenge,Kimironko,9.97,moderate,40.54,37.38,-3.16
b4093a31-b053-461c-96f0-f383daa23882,Nyamirambo,Kacyiru,18.24,light,33.0,33.72,0.72
90e90c87-990b-447f-99ae-c47d43f65cff,Gikondo,Kicukiro,9.15,moderate,27.44,29.71,2.27
c8ddccb4-755f-49e9-bc31-ea2967af12fa,Gikondo,Nyamirambo,7.13,light,13.93,14.35,0.42
4b8469a5-3f0b-418f-bbe7-97773bbb8366,Gisozi,Gikondo,10.26,light,23.6,22.89,-0.71
b8b4d19d-d1ae-4a5b-ab54-5f9d18f10fd2,Kimironko,Kacyiru,18.99,light,44.7,44.86,0.16
f4b48492-8c69-45a5-9af9-129b6db89cab,Kacyiru,Kicukiro,22.8,light,63.7,67.92,4.22
8426d249-f656-478d-a79a-bfb87f84d0da,Nyarugenge,Gisozi,5.39,light,13.58,12.56,-1.02
c79a2553-bdd5-4bb1-a2d9-873492dd5b98,Kimironko,Nyamirambo,22.35,moderate,58.83,55.84,-2.99
e18b3469-ea74-4c26-b111-20fa6da54827,Gisozi,Remera,7.03,moderate,24.06,21.05,-3.01
3fe69284-bdd2-4a08-a2c3-1e3c197f20ff,Nyarugenge,Kimironko,25.93,moderate,60.51,64.24,3.73
6fab3c97-15ad-4e13-8007-3f6d023af8a7,Gikondo,Kicukiro,8.13,light,16.86,16.5,-0.36
a95df960-30d4-4f0d-a353-cf9a34302629,Nyarugenge,Kicukiro,20.05,moderate,48.75,50.37,1.62
e91a1a5c-3b7f-440f-bbc9-d95518e6d750,Kicukiro,Remera,5.6,heavy,22.18,19.43,-2.75
5050518a-8074-4570-a4e7-13e6b711ed00,Nyamirambo,Gikondo,27.05,heavy,105.8,103.4,-2.4
37fa20d2-02ce-4376-a857-db480fa80d70,Kimironko,Kicukiro,6.35,moderate,17.09,14.56,-2.53
525b4baf-7f88-474e-9c0c-2b5aab883aac,Remera,Gikondo,2.72,moderate,10.09,4.85,-5.24
d3b169fc-7625-4f13-865f-f28814ee7619,Gisozi,Nyarugenge,11.64,heavy,40.21,37.38,-2.83
63afa745-42c4-4e13-bc71-6f534927c4e8,Gikondo,Kacyiru,10.98,moderate,31.2,33.86,2.66
348ce4a0-f622-4b2d-b975-da1a0bbafa06,Kacyiru,Remera,16.36,light,46.83,49.75,2.92
3dd8ac62-481e-4e90-9e49-4ee53aa82811,Kimironko,Kacyiru,10.96,light,23.55,25.17,1.62
44f14f7c-bc9f-4254-8eae-9f9c6d9f41b4,Gikondo,Gisozi,26.3,light,74.93,74.38,-0.55
aafde90c-bbbd-4a85-9e27-474561e2509b,Gisozi,Kimironko,18.67,moderate,54.6,53.93,-0.67
9f74013c-f322-42e2-b2c7-27cae36f56ff,Kimironko,Gikondo,19.51,moderate,60.14,59.46,-0.68
a180145f-87a2-44d1-bcf0-7143465176a2,Gisozi,Gikondo,22.97,heavy,70.21,77.94,7.73
a368a932-1a21-4602-98d1-1a8562be0731,Nyarugenge,Kicukiro,5.37,moderate,9.74,12.98,3.24
581860a2-c4ea-404e-82cd-92ab968adabe,Kicukiro,Nyarugenge,19.11,light,48.06,48.62,0.56
1381c448-6a52-4dd6-b330-7aa45a25f976,Gikondo,Kacyiru,11.08,heavy,42.59,42.07,-0.52
b35137ce-d91d-42ea-a855-a459291cd83b,Gisozi,Kacyiru,11.53,moderate,30.9,27.47,-3.43
a3631baf-3179-4c78-a022-a0b6166279ae,Kicukiro,Nyamirambo,8.7,moderate,20.61,22.7,2.09
85bac39a-a550-4007-9222-239c561307b4,Nyamirambo,Gisozi,15.4,moderate,41.28,38.96,-2.32
f7cb1653-b639-4c42-88b1-7f2dd0cee35c,Gikondo,Kacyiru,12.38,light,24.63,23.97,-0.66
cdefe244-8d40-4897-84a1-1dded47a5127,Nyarugenge,Kacyiru,18.56,heavy,60.97,61.67,0.7
6a72ee46-9ce5-4878-80d7-f5cd1e92e0c8,Kimironko,Nyamirambo,27.82,moderate,80.86,82.65,1.79
6a7126f0-3c7e-4fa9-b257-a024e38a68b6,Nyarugenge,Nyamirambo,13.1,moderate,46.19,43.69,-2.5
10a8670d-c0d2-43a7-900c-b50a59346e9d,Gisozi,Kacyiru,20.73,light,39.96,40.5,0.54
9fd2ac25-8ba2-4480-84df-0eeb4058dd4a,Kicukiro,Nyamirambo,23.18,moderate,75.89,79.18,3.29
eb89934e-0300-4b23-9267-ebcdb6511e73,Kicukiro,Remera,22.0,gridlock,93.8,98.84,5.04
89678957-e5b2-4c3f-b214-bc9592dc9857,Kicukiro,Nyamirambo,17.94,moderate,53.37,53.57,0.2
522a844b-7051-4a7e-a232-d96499000b3d,Gisozi,Nyarugenge,3.77,light,8.32,9.87,1.55
0994b408-98d8-40da-9947-7ccd570f1f33,Gisozi,Kacyiru,6.48,light,13.63,15.64,2.01
ba18142b-0bdc-47e1-93dd-daafc33ce5cf,Kacyiru,Nyarugenge,18.63,moderate,55.19,56.63,1.44
d9fe83be-a032-4389-a786-87d9cb314b5c,Gikondo,Kimironko,7.96,moderate,26.98,29.34,2.36
03d70c53-8359-4b7d-b44a-ec736907f477,Remera,Kacyiru,26.3,moderate,81.42,80.68,-0.74
5c298739-2473-4d18-b1f0-759e8181663a,Kicukiro,Gikondo,26.7,moderate,80.49,80.96,0.47
8831e0f7-a766-4bf5-b47d-4f1c0edf66a5,Nyamirambo,Nyarugenge,3.5,moderate,10.72,14.76,4.04
95333f36-0f86-486d-bf3c-34c90658a0f6,Gisozi,Kacyiru,8.66,heavy,26.54,31.14,4.6
0020a28f-ef28-47f8-a1f4-b815aa66ac73,Remera,Kacyiru,1.07,light,2.85,4.8,1.95
b40c17d6-f2e3-4fc1-9413-474378dbfb49,Gikondo,Nyamirambo,27.97,light,53.57,53.9,0.33
5cf27b41-3ad4-4177-a5fa-ea0ffc90b969,Remera,Nyamirambo,11.0,moderate,30.72,27.86,-2.86
865f2ad4-4884-49fb-a333-9dea371c02e1,Nyamirambo,Gisozi,20.01,moderate,60.07,58.81,-1.26
b65b1b63-c884-405b-a534-1dbbc919399c,Kacyiru,Kicukiro,16.6,moderate,49.6,49.95,0.35
98dd7ec5-3fee-42c7-b2ca-94a04d12e1f5,Kimironko,Kacyiru,20.9,heavy,78.44,77.25,-1.19
9ab0550b-2514-46a8-8161-429c0bad5f4b,Remera,Nyarugenge,8.03,light,20.63,22.05,1.42
3d1b6cb1-ce65-4dfd-bd13-57c34e6aeda9,Gikondo,Nyarugenge,26.12,light,62.43,65.05,2.62
19cf9c71-dc6d-40e7-b73b-90cb07478f20,Gisozi,Kacyiru,17.46,moderate,52.86,51.63,-1.23
8e63d651-d5bc-4f39-9f25-6f6355b517f1,Kacyiru,Kicukiro,26.13,light,64.93,63.07,-1.86
00a7ed59-889a-4bdc-a6f8-67089e64064e,Gisozi,Nyarugenge,18.12,moderate,50.12,44.26,-5.86
b76676c6-28b7-4439-8301-052ef538dc1f,Kacyiru,Nyarugenge,6.7,moderate,23.73,21.05,-2.68
1e9ea84b-34d5-483a-932d-7366eb50faa6,Gisozi,Nyamirambo,3.59,moderate,7.04,7.35,0.31
19a4d6d8-b35c-4c06-b6e2-610a8b80d6d3,Nyarugenge,Kimironko,14.62,moderate,37.2,37.28,0.08
e09bde7f-5fe7-4b5f-90c4-042c9c2c4168,Nyamirambo,Kicukiro,16.95,moderate,51.25,50.42,-0.83
fe504fdd-bcd8-43fb-aaa3-78c4c505aca1,Nyamirambo,Nyarugenge,25.79,moderate,76.34,76.91,0.57
38fe8d1a-56a4-410d-b24b-078304d98e27,Kacyiru,Remera,18.19,light,51.24,50.92,-0.32
ef4222b4-a042-4221-ba24-c83325531e66,Kimironko,Kacyiru,26.19,gridlock,121.51,127.8,6.29
e10dddbb-f0f9-4193-a5b9-b10ebba98361,Gisozi,Remera,18.49,heavy,60.37,58.46,-1.91
79b50ea6-67e1-4c51-975c-503edd8674fd,Nyamirambo,Gisozi,20.51,gridlock,110.08,108.32,-1.76
b2229bd0-d122-4fde-8a15-49e98c43dbce,Gikondo,Nyarugenge,22.22,moderate,80.26,78.48,-1.78
14bd72c9-d0b2-4834-bc53-6c6cda47d168,Gikondo,Kacyiru,10.35,moderate,35.17,35.87,0.7
fad1f78a-4ccb-4501-a0ab-263b79ab588d,Remera,Kicukiro,5.06,light,14.01,14.74,0.73
3eff6fd5-7ee4-4f4f-90b2-4f4eee48d53d,Gikondo,Nyamirambo,3.65,light,13.47,11.19,-2.28
08fa225e-143d-4f51-ae6f-02a2c5095c1a,Kimironko,Nyamirambo,1.13,light,6.41,2.69,-3.72
53701fd1-fd67-4282-aca9-677406f5efd3,Kimironko,Nyarugenge,12.31,light,25.85,28.97,3.12
59e8a960-72a3-41ea-b6ac-6225c7602b4c,Gisozi,Nyarugenge,11.89,moderate,28.55,29.69,1.14
cf944ca5-0d16-4fd5-80b3-27996166638a,Kicukiro,Kimironko,7.84,light,14.93,15.12,0.19
f8d038c2-5f36-404a-96d2-fc4130c7a91f,Kicukiro,Kimironko,9.86,heavy,32.34,34.18,1.84
84944fc3-9303-4521-a502-3cc9e01e56c5,Kimironko,Kicukiro,7.71,heavy,22.85,28.2,5.35
91b60c52-fe85-48e2-80a6-e876d49c02e3,Nyamirambo,Nyarugenge,24.31,light,59.44,58.47,-0.97
010cc77e-3e31-4158-9345-1253d755a59c,Gikondo,Gisozi,12.94,light,23.85,26.33,2.48
123b8a23-d36c-46ac-8551-66a226f26c35,Remera,Nyamirambo,8.43,heavy,31.38,33.73,2.35
9e6192be-c5e3-44fd-b596-d8527b74bf86,Kicukiro,Kacyiru,10.66,light,33.02,33.55,0.53
aa70805d-61e2-4a9b-8323-cef58838fee5,Nyamirambo,Kimironko,4.67,gridlock,23.15,31.36,8.21
5d9befbf-0096-4893-b0f9-c8f33232b1d4,Gikondo,Nyarugenge,11.56,moderate,28.98,27.86,-1.12
0e676f22-f7a2-43d7-9f10-dc6b52f1caa8,Kimironko,Nyarugenge,16.36,light,29.62,33.11,3.49
afa835b4-45e8-4602-9eb6-f77174ab28b1,Gikondo,Remera,25.92,light,53.56,53.17,-0.39
d737e508-e562-42d8-87bc-20148e5fbe05,Kacyiru,Nyamirambo,9.35,gridlock,67.04,63.16,-3.88
1c2311ef-5f8c-4f43-b92c-37610d5258ad,Gisozi,Kacyiru,4.03,moderate,18.89,14.11,-4.78
fc807744-0ba0-42c3-b336-aaa6586e97b2,Kimironko,Gisozi,21.82,light,58.04,61.1,3.06
14464f31-5ba7-400e-8e99-08482dce059d,Remera,Kicukiro,1.29,light,4.73,1.63,-3.1
bd681913-cc83-497c-9c9c-e28df902cb56,Gisozi,Kicukiro,8.51,light,20.84,21.87,1.03
efc00983-5e75-4175-bcab-7670b4778f57,Gikondo,Remera,6.2,heavy,23.04,22.75,-0.29
c91c5cd5-b1e9-4d26-8db9-dfdf04361b0c,Gisozi,Kicukiro,16.83,moderate,40.04,43.1,3.06
8d102fbf-fb62-4677-a7d9-d553159f0573,Nyamirambo,Kimironko,12.19,moderate,32.24,30.19,-2.05
ec8cc2ac-d2b2-4135-99f6-0ddbdf7b0b21,Kacyiru,Kimironko,26.38,gridlock,117.89,118.73,0.84
0ae303dd-cf40-4f0e-a09b-a1ff758524fc,Gikondo,Kimironko,20.58,light,39.86,41.81,1.95
122d56c4-f878-48d8-9cb5-91c5b20fb14c,Kimironko,Kicukiro,11.87,heavy,40.68,39.1,-1.58
14d1cda1-8967-4b0c-9b69-2c5e2648786a,Nyarugenge,Kacyiru,24.55,heavy,94.71,95.2,0.49
58bed165-67de-41de-81d4-7e62f3f7c6e3,Kicukiro,Nyamirambo,11.52,light,26.78,29.38,2.6
01213433-e232-45fd-9b40-b17560b20330,Kicukiro,Nyarugenge,4.57,light,9.46,11.81,2.35
c0931aa1-2723-4b17-a286-3ee06b264630,Gisozi,Kicukiro,4.67,heavy,15.09,14.37,-0.72
b00ea175-bae8-49f4-99b7-bc0cdcf2aca7,Kacyiru,Kicukiro,21.74,moderate,55.07,55.12,0.05
d66a399b-ff31-4710-96f9-e6d9a5035f5e,Kimironko,Nyamirambo,15.2,heavy,50.51,53.22,2.71
55272d6d-a2b4-40ec-971d-5ed3385cb57a,Kicukiro,Remera,16.67,moderate,49.46,48.74,-0.72
61cf9f0d-3001-4f5e-8694-c3ed8a35a66c,Gikondo,Kacyiru,20.08,gridlock,92.87,93.64,0.77
4f7b9603-46b3-46cf-ad48-45e5435a068e,Gisozi,Nyarugenge,12.68,light,26.26,27.35,1.09
8d9d0d1c-d88a-4a4f-ad73-e6b9c336af70,Remera,Gikondo,7.07,light,17.36,14.66,-2.7
60f0b9d1-2dbc-4dd0-80db-1aba23d8e6e1,Gisozi,Kimironko,7.37,light,12.13,14.35,2.22
72a89534-759f-41c5-a2bd-3fc332130e07,Kacyiru,Gikondo,20.87,light,46.4,49.46,3.06
1d44f2d8-f164-447e-b9da-5ad90dbe6a42,Nyarugenge,Gikondo,4.27,light,10.85,10.2,-0.65
915aba43-6a8d-4c88-b4e0-445c6ba7c0e3,Kacyiru,Nyarugenge,27.15,gridlock,120.32,121.38,1.06
3855acea-573a-4e9b-8bd9-caa8451d03dd,Gisozi,Nyamirambo,11.82,light,27.47,29.99,2.52
6661ece1-648a-4040-a07e-e5f1ee6a0b01,Remera,Nyamirambo,11.53,heavy,35.66,35.27,-0.39
d88d01ba-a1f4-44d4-a82a-90e63f615cd7,Gikondo,Remera,26.29,moderate,65.88,70.56,4.68
6303b6ba-8fc6-4237-8884-8dc2835ca261,Kacyiru,Gisozi,5.43,moderate,17.9,17.59,-0.31
85a9cca8-0fc1-4811-8bc2-8661eb527645,Gikondo,Kimironko,15.56,light,32.44,29.96,-2.48
367c160f-cb29-4aef-8410-27c73b1a5977,Nyamirambo,Gisozi,24.73,gridlock,130.53,125.89,-4.64
66114c4b-6fa1-4d96-9607-1f8bf1995713,Kicukiro,Remera,9.12,heavy,34.89,36.67,1.78
5c9eb4d7-c05f-4407-be38-cf0d50f2f248,Remera,Kacyiru,2.59,light,7.02,8.73,1.71
0a5fbc87-5d2b-4a58-9257-5dcf0688e744,Gikondo,Remera,8.45,moderate,25.97,27.41,1.44
f117b340-fd50-4629-8154-9efcdb32b957,Kacyiru,Nyamirambo,19.89,light,55.69,57.07,1.38
3506bb16-b1d0-462c-8e0b-1ed3e984d512,Gisozi,Gikondo,13.6,heavy,49.16,48.54,-0.62
a06c7e73-91d9-47c9-a095-4b71ed4eab07,Kimironko,Remera,2.6,moderate,6.89,10.46,3.57
9a209c2e-bc73-4c48-a27b-7aedc2cf4be2,Gikondo,Nyarugenge,11.52,heavy,42.43,42.18,-0.25
14c37f3d-0826-437e-81eb-1a17a0e16b79,Kimironko,Kacyiru,9.02,light,20.96,22.04,1.08
dab1b233-73a8-400f-8b5d-f00db863639e,Gikondo,Kimironko,3.16,light,5.16,8.73,3.57
c4c4ab50-b1de-4917-a451-016c34f2352c,Nyarugenge,Gikondo,3.99,moderate,12.31,11.96,-0.35
bbfc123f-8787-46a9-9015-030318058bfa,Kacyiru,Gisozi,20.72,heavy,107.62,98.75,-8.87
35e1559a-cda9-4d78-927c-97e15672bb9c,Kacyiru,Nyarugenge,16.73,moderate,40.16,40.54,0.38
461ce9bd-a748-4d55-a64d-3bc0f3095b4f,Kimironko,Kicukiro,14.13,moderate,36.92,32.11,-4.81
1584a681-3c55-4548-bf34-3314acead0d2,Nyamirambo,Kimironko,12.57,moderate,37.89,36.94,-0.95
a9356419-6e52-4c5a-b6c9-955bdca49dec,Gisozi,Kacyiru,9.42,moderate,30.27,31.8,1.53
9a13287d-eae6-4ac8-bd83-ce4d1d3c5c20,Remera,Nyamirambo,22.75,moderate,68.38,67.1,-1.28
b969b4e7-1faa-40b6-b23c-190cbe34c20a,Nyamirambo,Kacyiru,1.73,moderate,3.5,6.87,3.37
2742ef57-8e3e-4a70-85c1-4a98fb290d91,Gikondo,Gisozi,26.1,light,68.2,71.09,2.89
eab7aedc-72e6-471d-9a99-845b5fb0cda7,Kacyiru,Gikondo,16.07,heavy,49.79,56.14,6.35
e6a2dca8-994e-4a6c-b151-7ef4188b4813,Nyarugenge,Kicukiro,16.37,moderate,49.02,48.59,-0.43
724e60ce-8527-4dc5-ba96-1ed36971020f,Gisozi,Remera,18.56,moderate,56.5,53.93,-2.57
d36ac095-5191-4943-b2e7-592b15c809ef,Nyamirambo,Kimironko,27.37,heavy,89.03,90.4,1.37
30563120-18fe-4541-8c18-53499cc89741,Kicukiro,Gikondo,27.06,moderate,67.03,67.33,0.3
cbd39815-d20f-44f3-ac85-e5b54317dd2d,Gisozi,Nyamirambo,6.78,heavy,24.79,24.58,-0.21
95fad35c-9143-48e5-adcb-02b382abf5b8,Gikondo,Gisozi,4.52,gridlock,23.34,28.93,5.59
dfda3afd-e1aa-4341-a187-c96cdb75df2e,Gisozi,Kimironko,21.08,moderate,77.51,75.9,-1.61
91650700-aa17-4aa4-bbc8-e77a7326e8b6,Kimironko,Nyamirambo,18.69,moderate,46.42,47.91,1.49
e55f3621-4cf3-4ef3-b700-03c146b0247f,Kimironko,Gisozi,1.78,light,6.24,6.93,0.69
12ede0f6-08f1-47ed-9b12-fc271c04aa24,Gikondo,Kimironko,21.05,moderate,66.02,60.83,-5.19
3a4750a5-c7d7-4c63-b480-519a3a9c061f,Gisozi,Gikondo,5.04,light,12.73,11.99,-0.74
f67ffc6b-c747-4333-a0bf-67b434f6733b,Kacyiru,Nyarugenge,26.58,light,53.38,52.47,-0.91
f970812e-6fb0-470d-b551-c3336c538d68,Kacyiru,Gikondo,15.21,light,29.93,29.52,-0.41
b2d4d417-3ccb-4635-b2b5-7cfdd43a0aed,Kicukiro,Gikondo,17.8,moderate,57.69,53.42,-4.27
18845cdd-e3f4-426d-b3ce-3d9793c9863a,Kacyiru,Kicukiro,12.36,gridlock,56.84,59.24,2.4
274a3b39-5a36-422e-88d6-71a9c0d719d5,Nyamirambo,Remera,16.16,gridlock,72.57,72.06,-0.51
14efbff3-5a08-4cee-9019-47a20c49ecee,Kicukiro,Gisozi,20.74,heavy,77.62,76.74,-0.88
3178dc3f-fccf-410d-8ea9-fb39c1ddc9f3,Kimironko,Gisozi,10.74,gridlock,45.66,40.2,-5.46
30f467ab-7733-4663-a0cd-6516f6af13a7,Gikondo,Nyamirambo,18.02,moderate,44.24,45.14,0.9
f26e1ced-98b4-4911-8dff-5ab1c1f16641,Kacyiru,Gisozi,9.85,light,24.24,21.83,-2.41
c1eeccbf-6246-499f-bc4d-128bec84b8dd,Gikondo,Kacyiru,3.9,moderate,12.82,7.66,-5.16
4673086a-51b3-4260-a3b0-87e074a30cd0,Nyamirambo,Nyarugenge,11.18,heavy,45.54,41.7,-3.84
e577cf36-7184-46d9-b4a9-fdf4810eb730,Gikondo,Remera,26.64,moderate,67.04,67.33,0.29
8316ac8b-8028-4ab9-9692-46faf561dc75,Gisozi,Nyamirambo,3.58,moderate,8.94,7.35,-1.59
10084003-0885-4fc8-8767-63c4f2344608,Nyarugenge,Gikondo,27.6,heavy,91.6,92.39,0.79
1ab5abc7-dfe4-49dc-8689-4d83b0305914,Gisozi,Kimironko,27.47,heavy,91.02,90.4,-0.62
a8347814-d539-4e88-a986-40a850b91286,Gisozi,Kimironko,26.64,heavy,120.49,118.23,-2.26
8b677090-27e2-47c7-bbcb-6d376fca5df5,Nyarugenge,Gikondo,21.6,heavy,69.39,69.87,0.48
a303010b-dc9b-44ca-849f-f567cc76944a,Gisozi,Kicukiro,14.96,moderate,47.06,46.14,-0.92
85573c97-099e-407d-868e-8c9c1d0d98a5,Gikondo,Gisozi,17.62,light,34.44,33.21,-1.23
4421ba7b-2b66-4824-965b-55ea999be5df,Kicukiro,Nyamirambo,9.68,gridlock,48.66,45.76,-2.9
27ccc5eb-834a-4cb1-b6a4-7edd2c0defa4,Kicukiro,Nyarugenge,2.58,gridlock,14.66,12.59,-2.07
f26c1bf2-d6fd-4497-aa97-dff0c2095863,Kacyiru,Gikondo,9.18,light,22.72,22.76,0.04
eabb4f81-ee21-4e35-9b4e-91d757da5c12,Kicukiro,Kacyiru,3.78,gridlock,18.37,7.81,-10.56
42305b2e-e6e2-4eea-b009-037091539502,Remera,Nyarugenge,14.86,light,35.51,36.13,0.62
a4fa379f-6797-43c2-8f8a-2ad073509a2d,Gikondo,Remera,26.03,moderate,79.72,76.94,-2.78
ded57350-ed28-4136-bd9c-10369b4af9eb,Remera,Nyamirambo,9.18,light,16.68,18.61,1.93
d5423fa0-8712-46ae-bd73-b0ebaa68b4b6,Nyarugenge,Remera,2.13,heavy,5.22,4.17,-1.05
5d4abc83-0090-4bc5-953f-4708ad14fb5c,Kacyiru,Kicukiro,3.02,heavy,16.72,14.04,-2.68
4b93e84a-e2af-4f41-bc6d-93d2f79da988,Kimironko,Kicukiro,3.0,heavy,10.87,8.43,-2.44
dfa15eea-65cb-4e4d-a73f-daebbce65c9d,Kimironko,Remera,2.1,light,4.5,2.08,-2.42
388ab453-8aac-46f5-a853-5b3136156bcf,Remera,Nyamirambo,19.89,light,47.67,46.2,-1.47
ae7ef4ab-ef16-45e6-b4f4-862f8dedc149,Gikondo,Kimironko,26.85,light,64.68,63.85,-0.83
66a9050e-dbb0-4ba9-a2d5-13e9b842d579,Kacyiru,Nyamirambo,27.77,gridlock,123.03,121.38,-1.65
86a2cb2f-eab6-4884-bf19-06980a97e27b,Remera,Gikondo,26.7,gridlock,119.55,118.73,-0.82
ad1f5c3f-2963-4896-8cce-7cb8239870f5,Gisozi,Kimironko,2.74,heavy,9.33,8.27,-1.06
8b482fed-e094-4203-80da-a06df89b1d37,Nyamirambo,Nyarugenge,13.76,moderate,39.19,39.49,0.3
7d036077-e72f-4c8d-bdcf-e0f4c2b0c3e6,Gikondo,Kimironko,24.98,light,51.0,51.65,0.65
2caca95b-b923-4f6a-9fce-f3c82d706b95,Nyamirambo,Kimironko,2.81,moderate,9.58,6.52,-3.06
05207311-4f58-412a-9fa5-876106be38f7,Nyamirambo,Remera,18.1,gridlock,94.64,97.88,3.24
8da09a24-357c-4152-89e0-b773f44f4631,Kacyiru,Nyarugenge,9.04,moderate,25.63,22.7,-2.93
b0ad56ad-ce61-4ab6-96d6-b600f0bdb266,Gisozi,Kacyiru,26.92,heavy,100.52,102.76,2.24
f009b0b4-834c-44d9-ab63-5d97ce6cdded,Kimironko,Gikondo,13.48,moderate,40.28,38.5,-1.78
dc0efc9f-1dd3-4871-ab33-5c36d68b2213,Gisozi,Kacyiru,2.57,light,7.55,8.73,1.18
da827b4e-0f7b-434e-a87a-cb93e8720abd,Gikondo,Nyamirambo,27.46,moderate,73.05,69.84,-3.21
106f4142-afec-43d4-a1e7-55d6ebd55c0e,Nyamirambo,Kimironko,4.38,moderate,15.23,19.58,4.35
d5fd5711-2ab6-4807-b247-3deeba63cd04,Gikondo,Remera,4.44,moderate,7.35,12.11,4.76
81a77f40-f841-477c-8fed-0e86825f8fa3,Gikondo,Nyarugenge,9.33,moderate,33.32,34.4,1.08
2eacaac9-66ee-4736-ae52-f72e50c3a488,Gisozi,Kimironko,21.82,heavy,83.91,83.93,0.02
48459921-001f-4592-aa10-2b3ea2110e9f,Gikondo,Nyarugenge,12.16,moderate,38.04,36.94,-1.1
28683332-462d-4a3c-ac3f-0218605ff135,Kimironko,Nyamirambo,8.59,moderate,24.11,28.36,4.25
9b636dad-3e42-47d4-9e84-f5c7de50275c,Kicukiro,Nyamirambo,23.05,light,55.32,55.87,0.55
e6b769c1-1c62-4719-9238-d79934e4c408,Nyamirambo,Remera,19.96,moderate,57.8,58.81,1.01
3927d974-6159-4382-b616-171522c12607,Nyarugenge,Kimironko,25.07,moderate,62.21,61.51,-0.7
13f151c2-f0d8-47e1-ad29-20116acf5733,Gikondo,Kimironko,9.75,heavy,44.65,42.52,-2.13
75aa073f-ad4a-487e-a3e3-81985a281d5f,Nyamirambo,Gisozi,21.44,heavy,80.85,83.91,3.06
428e68f3-40d9-4ad9-995c-6b722401bace,Nyamirambo,Gikondo,16.43,moderate,43.39,40.54,-2.85
3b4365c3-b21f-430e-9ae3-72b11c69d194,Nyarugenge,Gikondo,17.59,gridlock,77.43,87.5,10.07
5466cece-cada-40fb-8dab-29b0a553842b,Nyarugenge,Gikondo,17.37,light,44.34,46.35,2.01
dbaf898c-d871-4a2a-8b74-ce829c7c56cb,Nyarugenge,Remera,7.66,light,21.95,21.14,-0.81
8ff3f80c-baa9-4eb3-bf00-55088e01e5b6,Nyarugenge,Gikondo,16.26,moderate,49.21,48.59,-0.62
5fd8f894-817e-4112-b7c5-fdc409c372c6,Kimironko,Nyarugenge,14.09,heavy,53.49,47.66,-5.83
18f70b1c-0037-41ad-9a21-4a4c0eb41df0,Kicukiro,Gisozi,20.45,light,60.87,57.03,-3.84
56b2f963-9fd3-4c41-a47b-ff4f98e33de7,Kicukiro,Nyamirambo,10.3,moderate,23.91,26.67,2.76
216a3803-5941-4d6e-8dd2-bbaaf6d1e81e,Remera,Kacyiru,25.67,moderate,64.41,64.24,-0.17
898f4f34-f8e4-451a-bd99-2e820a42f4fa,Remera,Kimironko,13.1,heavy,69.05,63.97,-5.08
2f8512e2-38d5-4c3d-9324-542c35241f47,Gikondo,Kacyiru,27.64,moderate,68.83,68.29,-0.54
c26890b3-6095-4b57-a8b6-b79dba66f577,Kacyiru,Nyamirambo,15.22,light,35.76,37.81,2.05
63850dee-2d94-422a-bb71-7e25d6692ad6,Kacyiru,Kimironko,5.28,heavy,21.95,19.43,-2.52
7c83cbc2-e462-433c-9035-9ea4c10b5e46,Gisozi,Kicukiro,6.65,gridlock,28.45,28.86,0.41
76f39723-d0cb-430d-bcb9-ed4ede58f42f,Nyarugenge,Gisozi,5.09,heavy,16.04,13.84,-2.2
bb79b2b2-126a-4831-9383-d8da4936ad22,Gikondo,Kacyiru,25.19,heavy,78.61,83.15,4.54
3add9938-a71e-40d2-89d9-49cbcc2abb23,Kicukiro,Kacyiru,1.19,gridlock,5.69,8.29,2.6
7e1093b7-a043-45c3-b59c-4dc1db69048f,Gisozi,Kimironko,6.07,heavy,18.66,18.14,-0.52
46269717-0238-4868-9842-5277401585d2,Kimironko,Kicukiro,17.35,moderate,59.23,60.07,0.84
4c0d3ce1-9aca-4814-a773-d647a9f0e4fc,Nyamirambo,Kacyiru,15.97,moderate,48.06,48.59,0.53
aef74416-9c15-4985-b028-b2f72c87cf7a,Nyarugenge,Gikondo,1.19,light,2.0,1.63,-0.37
b7755f08-bacf-49c5-b626-0aca27e0d99e,Gisozi,Gikondo,17.12,light,37.57,33.21,-4.36
23de9d8a-929b-4064-bd20-856c4f468ec0,Remera,Nyarugenge,14.62,heavy,48.46,50.2,1.74
93ace75e-95f9-469d-967b-e2ec70d97608,Kacyiru,Gikondo,9.29,moderate,23.83,22.7,-1.13
86da4bbb-9253-4953-a996-9f12d5683804,Nyarugenge,Remera,9.14,moderate,26.71,28.36,1.65
727b0034-4d7b-4fb3-96bd-b96b55276a22,Kicukiro,Nyarugenge,13.61,heavy,49.17,47.66,-1.51
ac1bcd23-d082-4cea-954c-65926f103513,Gisozi,Remera,19.63,light,51.18,51.36,0.18
c941524b-6c22-46f5-b871-3c2f6824ba12,Nyamirambo,Gikondo,5.66,light,14.58,14.08,-0.5
9d09cca5-4eb7-4f23-ba03-a08eecba901c,Gisozi,Gikondo,10.26,heavy,32.58,35.27,2.69
c8dd990f-9ce4-4803-971b-71eaec003cc8,Remera,Gisozi,22.47,moderate,66.12,65.18,-0.94
583968f2-660c-4eac-89c9-2f5be1d17370,Nyarugenge,Gisozi,19.75,light,46.73,46.17,-0.56
65ad2d20-42c9-49a3-a2c2-eec56e86c109,Gisozi,Kacyiru,17.06,gridlock,101.44,111.8,10.36
75a4068d-17ab-4ee5-a479-ce122a43cacb,Remera,Kimironko,13.38,light,26.7,28.51,1.81
3adda2e8-0b2f-4a98-ac7a-eb50e8706508,Nyarugenge,Nyamirambo,23.2,light,56.28,55.87,-0.41
8361cbaa-9294-4811-845e-0357ed80fad6,Gisozi,Kimironko,27.77,heavy,105.32,103.66,-1.66
88815f73-48b8-41de-90dd-e85ff3d21d70,Gisozi,Remera,14.04,moderate,44.42,39.49,-4.93
286dec3a-7a63-42fc-a615-64e9a1912fae,Kicukiro,Kimironko,18.89,moderate,49.83,46.66,-3.17
e8db79c6-de95-41a3-b8f7-e99de0e1d53b,Kimironko,Gisozi,23.47,gridlock,106.78,98.94,-7.84
756e6e6d-6826-44b2-aa48-7d493292cb98,Remera,Nyarugenge,17.7,moderate,55.22,53.42,-1.8
1e6a9c9e-87f1-4d9a-ba40-1d449ce8995d,Kicukiro,Kacyiru,6.04,moderate,11.46,12.9,1.44
ad0e6fb3-c38c-4f8e-98b7-5e052b7af0a0,Remera,Kicukiro,17.01,moderate,69.16,70.33,1.17
12cb9f32-9387-4215-a101-a56839ee458e,Kimironko,Gisozi,13.91,moderate,49.8,46.53,-3.27
fcbde283-f4ba-48a3-8b10-f03751e356ca,Kimironko,Remera,25.83,moderate,77.76,75.92,-1.84
7df37c7f-2ced-4077-987b-bcb0185873a1,Nyarugenge,Kimironko,9.19,heavy,31.72,31.14,-0.58
2031c4ca-4001-4301-be27-693f02945ef0,Kicukiro,Kacyiru,7.85,light,23.99,21.14,-2.85
d401897d-d11f-4638-947c-e492c6ef18c2,Kimironko,Remera,5.46,light,9.02,11.57,2.55
ece322ba-816e-4466-913e-7e1b5746a1a8,Kacyiru,Gisozi,20.02,moderate,47.65,48.69,1.04
830473da-fe85-4bf0-93f9-0861ee3a3010,Gisozi,Gikondo,8.51,heavy,27.64,28.99,1.35
4fa59daa-5ded-41d9-a4d1-16be21fc0a78,Kimironko,Kicukiro,10.1,light,24.74,23.23,-1.51
b667ad70-f065-4a1e-bd19-3e196d7134b7,Kacyiru,Remera,24.03,moderate,71.39,69.25,-2.14
940a3753-8ada-400e-917f-fcecbcca99ee,Remera,Kacyiru,14.58,heavy,52.72,60.26,7.54
f40ebee8-edc0-4d0c-a5a9-70f7df78db7e,Nyarugenge,Nyamirambo,23.43,light,54.7,56.67,1.97
5fcc6316-d1b1-432e-9ac4-988ff03b5f56,Remera,Kicukiro,1.85,heavy,6.38,8.78,2.4
49820c27-4bf6-4ce9-9384-42ea2e7992cd,Nyamirambo,Gisozi,21.54,moderate,54.8,54.1,-0.7
447e8722-a558-4ec7-a0e7-7cb6cee3a06d,Kimironko,Kicukiro,17.96,moderate,55.69,52.07,-3.62
bc36f62c-7fec-48f7-8e5a-32354231bf6b,Gisozi,Kimironko,11.97,moderate,35.34,35.12,-0.22
b672a0ed-1a5c-4ad0-9bdb-b381620293f0,Kacyiru,Gisozi,18.83,light,50.87,53.7,2.83
ee1c1434-da1a-45a0-841b-7a8a8f66f949,Kimironko,Nyamirambo,9.42,moderate,33.43,34.4,0.97
b97a5892-c076-4a76-9d4d-3ec6eb243926,Gikondo,Kimironko,12.63,moderate,46.03,44.82,-1.21
5573da03-d7bf-4f4d-bd6e-1e247f43a46c,Kicukiro,Kacyiru,2.89,heavy,9.04,9.56,0.52
782aefbb-98d2-441c-a98b-dce1128f9cb1,Kacyiru,Kimironko,27.93,heavy,108.45,104.19,-4.26
c6e41718-f6d6-4c38-a0af-087fd7218c33,Gisozi,Gikondo,9.77,moderate,24.81,25.58,0.77
70027dc0-8fe8-4e2a-964c-0af42be00181,Remera,Nyarugenge,27.61,light,56.11,55.04,-1.07
15b8c250-8ad1-494b-a936-299a20a385dc,Nyamirambo,Nyarugenge,20.71,heavy,79.47,75.58,-3.89
32c3e2f2-993b-4b57-8886-9d4934cc1bdb,Kacyiru,Kicukiro,21.37,moderate,49.9,55.12,5.22
666e1d8c-1ca5-4ee1-8d73-75b445afa49d,Gisozi,Nyamirambo,19.99,gridlock,83.76,92.86,9.1
0dd5afc8-c037-45a3-b18e-e22f53821075,Gisozi,Kimironko,27.79,light,54.0,53.9,-0.1
294fe768-9868-49f3-b5b4-48daa2b7c2e0,Remera,Nyarugenge,21.13,heavy,78.99,83.91,4.92
2141b832-324b-4258-9d5b-56ca5c9f6e26,Kacyiru,Gikondo,17.21,heavy,65.56,65.98,0.42
035802df-5741-41f9-a328-893ca43f9733,Remera,Nyarugenge,24.67,moderate,63.58,61.45,-2.13
3ac4d78c-6dde-452b-937e-c39275023f8a,Gikondo,Nyarugenge,24.48,light,79.19,77.78,-1.41
954510c9-1520-476d-a681-a09547351307,Kacyiru,Gikondo,24.87,moderate,71.73,72.58,0.85
8fb8b945-f76c-486c-a3b9-1cecdb2a749c,Kacyiru,Nyarugenge,16.16,heavy,75.69,74.21,-1.48
01ee8bf8-ffe6-4784-8377-0887c4262076,Kicukiro,Nyamirambo,27.21,heavy,90.91,92.39,1.48
c5f2d119-924f-4a35-be34-b9256ee026a8,Kicukiro,Gikondo,7.68,moderate,17.21,19.38,2.17
f49c28f0-e530-4e81-90ce-929632434954,Kicukiro,Gikondo,7.32,moderate,20.91,19.54,-1.37
6280df73-8560-4277-9c0a-61b8bd1c4cbc,Remera,Kacyiru,4.4,light,11.12,13.46,2.34
cb52cd00-f8a5-45a4-8087-7047a9564235,Gisozi,Gikondo,14.68,light,43.81,45.06,1.25
f96bcca9-d2b9-43c5-bc11-2dde199aa413,Kacyiru,Kimironko,7.58,moderate,16.18,19.89,3.71
b107ea15-2463-4fb8-a406-95517c325c6b,Gikondo,Kicukiro,20.21,heavy,75.31,77.25,1.94
94e9d3f1-a9ac-4f6f-939b-485385a19efe,Nyamirambo,Kimironko,27.0,moderate,84.04,83.96,-0.08
fa767e1f-b52d-4ec7-bd5e-cc24f8f16866,Nyamirambo,Nyarugenge,23.93,light,47.99,47.87,-0.12
d14420c0-0983-40e3-a762-1f1687b43582,Kacyiru,Gisozi,5.44,moderate,11.38,12.98,1.6
0a3751ce-a414-4a48-be5a-6c1fb14fa93e,Kicukiro,Nyarugenge,26.64,light,60.61,62.03,1.42
708a029d-7e9a-4f52-b5c1-557231e39afd,Nyamirambo,Gikondo,25.65,light,59.1,63.31,4.21
fc88ec66-bd44-4e07-879c-a81421670f7e,Kacyiru,Nyamirambo,3.15,light,3.53,5.89,2.36
aec32cc7-5771-493b-b9f5-70d283ec93c9,Remera,Kimironko,2.2,moderate,8.46,8.15,-0.31
2ef7b3ff-2df4-4c27-ac58-17b00689009e,Kimironko,Nyarugenge,9.72,heavy,42.68,42.56,-0.12
570f576b-eca8-4359-bcad-4353c3e22022,Kimironko,Nyarugenge,12.88,moderate,32.09,33.58,1.49
4a60a7ef-5ba1-41b4-9e5a-78eec139241e,Nyamirambo,Gikondo,22.11,moderate,77.93,76.8,-1.13
09110b22-7154-45f7-b81d-a2a3ff768257,Kicukiro,Kacyiru,17.59,light,41.67,41.61,-0.06
ef821371-678a-4c20-a966-b00963cad930,Nyamirambo,Gikondo,13.43,heavy,56.83,55.92,-0.91
577d95ab-1b02-444a-ad68-1ccdeda29c6e,Nyarugenge,Kicukiro,1.98,heavy,7.14,7.56,0.42
05b474f5-d2bb-44e1-80c4-f2baecc5896b,Kacyiru,Gikondo,11.5,moderate,34.3,33.88,-0.42
666d78f1-c5d7-4f46-9e70-3916a5027b18,Nyarugenge,Kimironko,19.93,light,54.98,57.07,2.09
bead9c26-0d72-4c23-94e5-f6c2484fd2d8,Kimironko,Remera,17.14,heavy,58.53,56.14,-2.39
e7f85e21-262e-480b-918d-0451e89512f5,Kacyiru,Kicukiro,17.51,heavy,81.37,75.89,-5.48
f32df2c9-f4a7-414f-a736-941d6b7b9cc2,Nyarugenge,Gikondo,12.51,moderate,32.21,29.12,-3.09
ec1c0c9d-38d5-4a34-aa5c-5f81e6e5c348,Gikondo,Kacyiru,24.34,moderate,73.95,72.7,-1.25
cbea6da0-e529-4cf7-8624-4a07b3e3c5d8,Kimironko,Nyamirambo,1.63,moderate,5.65,5.06,-0.59
3bb992fd-8c21-43d4-8925-1bf60e8bc802,Kimironko,Remera,24.6,moderate,64.29,61.51,-2.78
ccd2077b-a6c8-485d-aec4-acf577a1b19e,Kimironko,Gikondo,18.25,moderate,47.06,43.45,-3.61
172b7556-4068-45ce-9235-2642cb933b92,Kacyiru,Nyamirambo,22.82,moderate,67.49,71.0,3.51
ab24368f-4fb4-4cbf-b062-bf9ba6c17a32,Nyamirambo,Kacyiru,8.39,moderate,29.87,30.28,0.41
f7ff2643-955b-4e2f-b0f1-b06b6d4bfaf2,Nyamirambo,Gisozi,1.45,moderate,2.0,3.99,1.99
cc5b6ce2-ade7-43a1-aeb0-d690c40b3616,Kacyiru,Kimironko,22.79,moderate,68.24,70.2,1.96
4c8936d9-f9c6-4add-ad1c-496190ae2a49,Kacyiru,Gisozi,21.07,moderate,50.45,55.49,5.04
b1a762b0-f452-4365-aa4c-435bda8bca8d,Kimironko,Gikondo,2.01,light,6.41,2.08,-4.33
07fa8931-c5a4-42a8-9a1a-91e5b7c66f74,Gisozi,Remera,4.22,moderate,12.7,18.39,5.69
b2570f1e-c9bd-405f-b56e-a323e8170f2c,Gikondo,Remera,2.1,light,3.01,3.73,0.72
2cb4d7f2-71fc-4804-b946-4575909368d6,Kimironko,Nyarugenge,4.07,light,9.73,13.46,3.73
6240182d-6948-468f-a9d4-c14d7745a3f9,Kacyiru,Gisozi,27.76,moderate,80.87,82.11,1.24
be9f7111-5a1c-4258-9b1e-b3c94e255578,Nyamirambo,Gikondo,15.09,heavy,59.3,64.15,4.85
3085e065-3b57-4dea-a5de-a7253ef6ba5f,Nyarugenge,Kimironko,6.61,light,12.87,17.52,4.65
c9c241ed-b66a-48af-aa42-ebf44183eaa3,Gisozi,Nyarugenge,5.82,gridlock,37.83,35.87,-1.96
83f1fc78-3a9a-41c9-abe2-bfab16fa822b,Gisozi,Kicukiro,7.0,moderate,16.85,16.44,-0.41
afc0897d-53df-4991-a8d6-2f5687911b89,Kacyiru,Kicukiro,2.94,gridlock,15.26,9.52,-5.74
fb725364-6816-4e8e-b4fb-1833c52eb230,Kacyiru,Kimironko,21.39,gridlock,111.27,127.51,16.24
a3dc1d09-3ca0-4a64-984a-bb8e5e1dd0de,Gikondo,Kicukiro,1.33,moderate,2.0,1.84,-0.16
40ecd854-4820-41bb-ad19-47f063776c21,Gikondo,Kacyiru,21.84,heavy,72.62,72.67,0.05
2d608ab4-b4e2-43a6-b085-ecbb1615de61,Gisozi,Nyarugenge,27.85,moderate,114.2,109.04,-5.16
efb1c241-7d2a-4f74-be03-ed33cc121642,Kacyiru,Gisozi,25.11,gridlock,115.3,120.58,5.28
8fe1322b-2b38-49d7-bb8f-b1441a27532a,Nyarugenge,Gisozi,2.63,light,4.45,4.43,-0.02
6244652f-5c6d-4142-95af-af31a5d00b4d,Kicukiro,Gikondo,25.1,moderate,63.66,62.46,-1.2
9f3f3c85-7038-4e04-8f5e-7c3e98b1df6e,Remera,Kicukiro,20.21,heavy,76.43,75.58,-0.85
9f68431f-9e07-4014-84ea-d79fd7ce3045,Remera,Gisozi,18.35,light,39.41,35.55,-3.86
7d821967-325f-4e89-adca-d7014d7eb6d6,Kicukiro,Nyarugenge,3.05,moderate,11.81,6.82,-4.99
224649ab-843a-4036-8671-0d860c05eea8,Nyarugenge,Kimironko,25.54,light,46.32,52.7,6.38
72b5fecb-4cc9-48b8-9d9c-567f73a8c0cd,Nyarugenge,Gikondo,26.0,light,51.91,52.7,0.79
2910ab67-9ecf-4634-913f-7f041ee3e1d5,Kacyiru,Kicukiro,26.8,heavy,103.79,100.59,-3.2
c60de069-0893-4140-b074-cbc2ce733b14,Kacyiru,Kicukiro,17.47,light,44.28,40.56,-3.72
e66c095a-f5a3-4755-bba6-55ddbd47479e,Remera,Nyarugenge,12.58,heavy,50.21,44.35,-5.86
4a158a73-f8e5-490a-81c2-967e009d17ea,Remera,Nyamirambo,7.43,light,22.51,24.44,1.93
ab3cac6d-6cdb-417f-9fc2-5adb55eb7d2d,Kimironko,Nyamirambo,11.4,gridlock,57.5,67.33,9.83
98233451-7a4c-4550-a870-2ef4956ad13d,Gikondo,Nyarugenge,15.29,heavy,58.15,62.51,4.36
44ec5732-9147-4386-8ef1-9315a130435e,Nyamirambo,Nyarugenge,2.27,heavy,6.07,7.56,1.49
698c8020-656e-4c68-9f5a-c8ab2c3a695b,Gisozi,Remera,25.06,moderate,63.93,61.51,-2.42
fb3b8e2e-18e8-41dd-9b7a-805494179054,Kicukiro,Remera,22.51,light,57.19,53.7,-3.49
83c37686-8fc6-4aa2-9bbb-2a442af03841,Gikondo,Nyamirambo,8.09,heavy,31.8,32.67,0.87
56457568-b1ff-4ad6-8133-a6d3a56541f6,Nyarugenge,Nyamirambo,1.04,moderate,2.0,2.22,0.22
741fcbbf-7998-4128-a53d-b9f276d23fba,Kimironko,Kacyiru,4.61,moderate,19.52,19.9,0.38
145e5f4b-4849-48d2-b362-32160ccd3a4f,Gikondo,Gisozi,7.24,gridlock,36.79,34.47,-2.32
b2970a11-9dc6-4911-8e07-4b7ae88014c3,Remera,Gikondo,13.48,heavy,47.82,48.54,0.72
1161cde0-dbf9-44fd-9760-da4f157a909e,Gisozi,Nyarugenge,7.4,moderate,21.63,21.05,-0.58
568ecb88-cfdc-49bb-96f6-59f620b07fc3,Kicukiro,Gisozi,14.82,light,31.74,37.2,5.46
71913255-a16a-48f5-8c4c-be1e0dd836a4,Gikondo,Nyarugenge,15.17,light,36.26,37.81,1.55
273a11cf-943c-4aaf-af0d-6bef6203af59,Kimironko,Kacyiru,7.06,moderate,29.3,28.42,-0.88
49634783-eb01-4005-b6c8-8548dfdfef46,Kacyiru,Gikondo,15.35,heavy,51.29,53.22,1.93
75b90dbc-d247-4ddd-b4f6-0cfdb35a719f,Gisozi,Kacyiru,5.37,gridlock,20.61,25.42,4.81
47ccc302-9fbd-46ad-9e0b-b9b55386a105,Nyamirambo,Gikondo,11.48,light,23.32,22.82,-0.5
752653d8-0872-4b9f-afba-4ec62258f234,Remera,Kacyiru,11.67,light,33.4,33.65,0.25
36669ca8-438c-4fb3-8e39-228342672719,Kicukiro,Remera,16.17,light,37.9,41.52,3.62
2308b249-e444-42d7-9937-79642a6c304c,Gikondo,Remera,5.16,moderate,11.03,14.49,3.46
327986e1-8450-4f2d-a05f-edee4b1762e9,Gisozi,Kacyiru,11.38,light,21.13,20.77,-0.36
258028eb-2963-4bef-85af-a3c56c6a02f5,Remera,Gisozi,1.29,heavy,2.0,4.77,2.77
b4b1cd30-4ddc-423a-a2db-c804e14c239b,Kicukiro,Kimironko,5.38,moderate,18.35,17.59,-0.76
cf4abd34-7da0-4724-9b6e-b0fec6247cda,Gikondo,Kacyiru,19.85,moderate,51.46,48.69,-2.77
aac9130f-f94f-4856-ad5d-ed622f559fc6,Kacyiru,Gikondo,8.32,light,21.42,22.05,0.63
731087f8-61f9-4664-8bc9-509b79d1880e,Kimironko,Nyarugenge,6.87,heavy,20.87,21.19,0.32
2cda33c9-5906-4ec6-8072-a338da42cead,Kimironko,Gikondo,22.16,heavy,69.45,75.19,5.74
b5d3e92f-0827-4af5-b0db-a38dc1788b32,Nyamirambo,Kicukiro,16.25,moderate,44.28,41.66,-2.62
ec2d9b86-2699-4636-a2c0-ad2a16a42580,Kacyiru,Remera,21.6,moderate,64.78,64.92,0.14
8169fc7f-044a-48c9-aa65-63cd7c7cd179,Kimironko,Nyarugenge,24.6,moderate,100.11,101.33,1.22
39d370d0-f983-409a-9217-b15ac6edfe43,Kicukiro,Kacyiru,15.1,light,30.01,29.96,-0.05
d5b95ff9-0603-4c06-8b7c-674f65915e47,Gikondo,Kicukiro,27.43,gridlock,143.43,146.3,2.87
